,word,pos,lemma,year,president
0,mr.,NNP,Mr.,1903,Theodore Roosevelt
1,ehrman,NNP,Ehrman,1903,Theodore Roosevelt
2,to,TO,to,1903,Theodore Roosevelt
3,mr.,NNP,Mr.,1903,Theodore Roosevelt
4,hay,NNP,Hay,1903,Theodore Roosevelt
5,telegram,NN,TELEGRAM,1903,Theodore Roosevelt
6,panama,NNP,PANAMA,1903,Theodore Roosevelt
7,november,NNP,November,1903,Theodore Roosevelt
8,4,CD,4,1903,Theodore Roosevelt
9,1903,CD,1903,1903,Theodore Roosevelt
10,received,VBD,Received,1903,Theodore Roosevelt
11,7:10,CD,7:10,1903,Theodore Roosevelt
12,p.m,RB,p.m,1903,Theodore Roosevelt
13,mass,NNP,Mass,1903,Theodore Roosevelt
14,meeting,NN,meeting,1903,Theodore Roosevelt
15,held,VBD,hold,1903,Theodore Roosevelt
16,independence,NNP,Independence,1903,Theodore Roosevelt
17,publicly,RB,publicly,1903,Theodore Roosevelt
18,declared,VBD,declare,1903,Theodore Roosevelt
19,three,CD,Three,1903,Theodore Roosevelt
20,consuls,NNS,consul,1903,Theodore Roosevelt
21,approved,VBD,approve,1903,Theodore Roosevelt
22,organize,JJ,organize,1903,Theodore Roosevelt
23,government,NN,government,1903,Theodore Roosevelt
24,composed,VBD,compose,1903,Theodore Roosevelt
25,federico,NNP,Federico,1903,Theodore Roosevelt
26,boyd,NNP,Boyd,1903,Theodore Roosevelt
27,jose,NNP,Jose,1903,Theodore Roosevelt
28,augustin,NNP,Augustin,1903,Theodore Roosevelt
29,arango,NNP,Arango,1903,Theodore Roosevelt
30,tomas,NNP,Tomas,1903,Theodore Roosevelt
31,arias,NNP,Arias,1903,Theodore Roosevelt
32,bogota,NNP,Bogota,1903,Theodore Roosevelt
33,in,IN,in,1903,Theodore Roosevelt
34,sight,NN,sight,1903,Theodore Roosevelt
35,ehrman,NNP,EHRMAN,1903,Theodore Roosevelt
36,mr.,NNP,Mr.,1903,Theodore Roosevelt
37,ehrman,NNP,Ehrman,1903,Theodore Roosevelt
38,to,TO,to,1903,Theodore Roosevelt
39,mr.,NNP,Mr.,1903,Theodore Roosevelt
40,hay,NNP,Hay,1903,Theodore Roosevelt
41,telegram,NN,TELEGRAM,1903,Theodore Roosevelt
42,panama,NNP,PANAMA,1903,Theodore Roosevelt
43,november,NNP,November,1903,Theodore Roosevelt
44,4,CD,4,1903,Theodore Roosevelt
45,1903,CD,1903,1903,Theodore Roosevelt
46,received,VBD,Received,1903,Theodore Roosevelt
47,9:50,CD,9:50,1903,Theodore Roosevelt
48,a.,NN,a.,1903,Theodore Roosevelt
49,m,NN,m,1903,Theodore Roosevelt
50,cables,NNP,Cables,1903,Theodore Roosevelt
51,nashville,NNP,Nashville,1903,Theodore Roosevelt
52,received,VBD,receive,1903,Theodore Roosevelt
53,nashville,NNP,Nashville,1903,Theodore Roosevelt
54,notified,VBD,notify,1903,Theodore Roosevelt
55,troops,NNP,Troops,1903,Theodore Roosevelt
56,will,MD,will,1903,Theodore Roosevelt
57,not,RB,not,1903,Theodore Roosevelt
58,be,VB,be,1903,Theodore Roosevelt
59,moved,VBN,move,1903,Theodore Roosevelt
60,last,JJ,Last,1903,Theodore Roosevelt
61,night,NN,night,1903,Theodore Roosevelt
62,gunboat,NN,gunboat,1903,Theodore Roosevelt
63,bogota,NNP,Bogota,1903,Theodore Roosevelt
64,fired,VBD,fire,1903,Theodore Roosevelt
65,several,JJ,several,1903,Theodore Roosevelt
66,shells,NNS,shell,1903,Theodore Roosevelt
67,on,IN,on,1903,Theodore Roosevelt
68,city,NN,city,1903,Theodore Roosevelt
69,one,CD,one,1903,Theodore Roosevelt
70,chinaman,NNP,Chinaman,1903,Theodore Roosevelt
71,killed,VBD,kill,1903,Theodore Roosevelt
72,bogota,NNP,Bogota,1903,Theodore Roosevelt
73,threatens,VBZ,threaten,1903,Theodore Roosevelt
74,bombard,JJ,bombard,1903,Theodore Roosevelt
75,city,NN,city,1903,Theodore Roosevelt
76,to-day,NN,to-day,1903,Theodore Roosevelt
77,ehrman,NNP,EHRMAN,1903,Theodore Roosevelt
78,mr.,NNP,Mr.,1903,Theodore Roosevelt
79,ehrman,NNP,Ehrman,1903,Theodore Roosevelt
80,to,TO,to,1903,Theodore Roosevelt
81,mr.,NNP,Mr.,1903,Theodore Roosevelt
82,hay,NNP,Hay,1903,Theodore Roosevelt
83,telegram,NN,TELEGRAM,1903,Theodore Roosevelt
84,panama,NNP,PANAMA,1903,Theodore Roosevelt
85,november,NNP,November,1903,Theodore Roosevelt
86,5,CD,5,1903,Theodore Roosevelt
87,1903,CD,1903,1903,Theodore Roosevelt
88,received,VBD,Received,1903,Theodore Roosevelt
89,12:50,CD,12:50,1903,Theodore Roosevelt
90,p.m,RB,p.m,1903,Theodore Roosevelt
91,received,VBD,Received,1903,Theodore Roosevelt
92,an,DT,an,1903,Theodore Roosevelt
93,official,JJ,official,1903,Theodore Roosevelt
94,circular,JJ,circular,1903,Theodore Roosevelt
95,letter,NN,letter,1903,Theodore Roosevelt
96,from,IN,from,1903,Theodore Roosevelt
97,the,DT,the,1903,Theodore Roosevelt
98,committee,NN,committee,1903,Theodore Roosevelt
99,of,IN,of,1903,Theodore Roosevelt
100,the,DT,the,1903,Theodore Roosevelt
101,provisional,JJ,provisional,1903,Theodore Roosevelt
102,government,NN,government,1903,Theodore Roosevelt
103,saying,VBG,say,1903,Theodore Roosevelt
104,that,IN,that,1903,Theodore Roosevelt
105,on,IN,on,1903,Theodore Roosevelt
106,4th,CD,4th,1903,Theodore Roosevelt
107,political,JJ,political,1903,Theodore Roosevelt
108,move,NN,move,1903,Theodore Roosevelt
109,occurred,VBD,occur,1903,Theodore Roosevelt
110,and,CC,and,1903,Theodore Roosevelt
111,the,DT,the,1903,Theodore Roosevelt
112,department,NNP,Department,1903,Theodore Roosevelt
113,of,IN,of,1903,Theodore Roosevelt
114,panama,NNP,Panama,1903,Theodore Roosevelt
115,withdraws,NN,withdraws,1903,Theodore Roosevelt
116,from,IN,from,1903,Theodore Roosevelt
117,the,DT,the,1903,Theodore Roosevelt
118,republic,NNP,Republic,1903,Theodore Roosevelt
119,of,IN,of,1903,Theodore Roosevelt
120,the,DT,the,1903,Theodore Roosevelt
121,united,NNP,United,1903,Theodore Roosevelt
122,states,NNPS,States,1903,Theodore Roosevelt
123,of,IN,of,1903,Theodore Roosevelt
124,colombia,NNP,Colombia,1903,Theodore Roosevelt
125,and,CC,and,1903,Theodore Roosevelt
126,formed,VBD,form,1903,Theodore Roosevelt
127,the,DT,the,1903,Theodore Roosevelt
128,republic,NNP,Republic,1903,Theodore Roosevelt
129,of,IN,of,1903,Theodore Roosevelt
130,panama,NNP,Panama,1903,Theodore Roosevelt
131,requested,VBN,Requested,1903,Theodore Roosevelt
132,to,TO,to,1903,Theodore Roosevelt
133,acknowledge,VB,acknowledge,1903,Theodore Roosevelt
134,the,DT,the,1903,Theodore Roosevelt
135,receipt,NN,receipt,1903,Theodore Roosevelt
136,of,IN,of,1903,Theodore Roosevelt
137,circular,JJ,circular,1903,Theodore Roosevelt
138,letter,NN,letter,1903,Theodore Roosevelt
139,ehrman,NNP,EHRMAN,1903,Theodore Roosevelt
140,mr.,NNP,Mr.,1903,Theodore Roosevelt
141,loomis,NNP,Loomis,1903,Theodore Roosevelt
142,to,TO,to,1903,Theodore Roosevelt
143,mr.,NNP,Mr.,1903,Theodore Roosevelt
144,ehrman,NNP,Ehrman,1903,Theodore Roosevelt
145,telegram,NN,TELEGRAM,1903,Theodore Roosevelt
146,department,NNP,DEPARTMENT,1903,Theodore Roosevelt
147,of,NNP,OF,1903,Theodore Roosevelt
148,state,NNP,STATE,1903,Theodore Roosevelt
149,washington,NNP,Washington,1903,Theodore Roosevelt
150,november,NNP,November,1903,Theodore Roosevelt
151,5,CD,5,1903,Theodore Roosevelt
152,1903,CD,1903,1903,Theodore Roosevelt
153,sent,VBD,Sent,1903,Theodore Roosevelt
154,3:15,CD,3:15,1903,Theodore Roosevelt
155,p.m,NN,p.m,1903,Theodore Roosevelt
156,acknowledge,IN,Acknowledge,1903,Theodore Roosevelt
157,the,DT,the,1903,Theodore Roosevelt
158,receipt,NN,receipt,1903,Theodore Roosevelt
159,of,IN,of,1903,Theodore Roosevelt
160,circular,JJ,circular,1903,Theodore Roosevelt
161,letter,NN,letter,1903,Theodore Roosevelt
162,and,CC,and,1903,Theodore Roosevelt
163,await,NN,await,1903,Theodore Roosevelt
164,instructions,NNS,instruction,1903,Theodore Roosevelt
165,before,IN,before,1903,Theodore Roosevelt
166,taking,VBG,take,1903,Theodore Roosevelt
167,any,DT,any,1903,Theodore Roosevelt
168,further,JJ,further,1903,Theodore Roosevelt
169,action,NN,action,1903,Theodore Roosevelt
170,in,IN,in,1903,Theodore Roosevelt
171,this,DT,this,1903,Theodore Roosevelt
172,line,NN,line,1903,Theodore Roosevelt
173,loomis,NNP,LOOMIS,1903,Theodore Roosevelt
174,acting,NNP,Acting,1903,Theodore Roosevelt
175,mr.,NNP,Mr.,1903,Theodore Roosevelt
176,loomis,NNP,Loomis,1903,Theodore Roosevelt
177,to,TO,to,1903,Theodore Roosevelt
178,mr.,NNP,Mr.,1903,Theodore Roosevelt
179,ehrman,NNP,Ehrman,1903,Theodore Roosevelt
180,telegram,NN,TELEGRAM,1903,Theodore Roosevelt
181,department,NNP,DEPARTMENT,1903,Theodore Roosevelt
182,of,NNP,OF,1903,Theodore Roosevelt
183,state,NNP,STATE,1903,Theodore Roosevelt
184,washington,NNP,Washington,1903,Theodore Roosevelt
185,november,NNP,November,1903,Theodore Roosevelt
186,5,CD,5,1903,Theodore Roosevelt
187,1903,CD,1903,1903,Theodore Roosevelt
188,sent,VBD,Sent,1903,Theodore Roosevelt
189,5.09,CD,5.09,1903,Theodore Roosevelt
190,p.m,NN,p.m,1903,Theodore Roosevelt
191,keep,NNP,Keep,1903,Theodore Roosevelt
192,department,NNP,Department,1903,Theodore Roosevelt
193,informed,VBD,inform,1903,Theodore Roosevelt
194,as,IN,as,1903,Theodore Roosevelt
195,to,TO,to,1903,Theodore Roosevelt
196,situation,NN,situation,1903,Theodore Roosevelt
197,loomis,NNP,LOOMIS,1903,Theodore Roosevelt
198,acting,NNP,Acting,1903,Theodore Roosevelt
199,mr.,NNP,Mr.,1903,Theodore Roosevelt
200,ehrman,NNP,Ehrman,1903,Theodore Roosevelt
201,to,TO,to,1903,Theodore Roosevelt
202,mr.,NNP,Mr.,1903,Theodore Roosevelt
203,hay,NNP,Hay,1903,Theodore Roosevelt
204,telegram,NN,TELEGRAM,1903,Theodore Roosevelt
205,panama,NNP,PANAMA,1903,Theodore Roosevelt
206,november,NNP,November,1903,Theodore Roosevelt
207,5,CD,5,1903,Theodore Roosevelt
208,1903,CD,1903,1903,Theodore Roosevelt
209,received,VBD,Received,1903,Theodore Roosevelt
210,9:42,CD,9:42,1903,Theodore Roosevelt
211,p.m,RB,p.m,1903,Theodore Roosevelt
212,colombian,JJ,Colombian,1903,Theodore Roosevelt
213,troops,VBZ,troop,1903,Theodore Roosevelt
214,re-embarked,JJ,re-embarked,1903,Theodore Roosevelt
215,per,IN,per,1903,Theodore Roosevelt
216,royal,NNP,Royal,1903,Theodore Roosevelt
217,mail,NNP,Mail,1903,Theodore Roosevelt
218,for,IN,for,1903,Theodore Roosevelt
219,cartagena,NNP,Cartagena,1903,Theodore Roosevelt
220,bogota,NNP,Bogota,1903,Theodore Roosevelt
221,supposed,VBD,suppose,1903,Theodore Roosevelt
222,at,IN,at,1903,Theodore Roosevelt
223,buenaventura,NNP,Buenaventura,1903,Theodore Roosevelt
224,quiet,NNP,Quiet,1903,Theodore Roosevelt
225,prevails,VBZ,prevail,1903,Theodore Roosevelt
226,ehrman,NNP,EHRMAN,1903,Theodore Roosevelt
227,mr.,NNP,Mr.,1903,Theodore Roosevelt
228,ehrman,NNP,Ehrman,1903,Theodore Roosevelt
229,to,TO,to,1903,Theodore Roosevelt
230,mr.,NNP,Mr.,1903,Theodore Roosevelt
231,hay,NNP,Hay,1903,Theodore Roosevelt
232,telegram,NNP,TELEGRAM,1903,Theodore Roosevelt
233,panama,NNP,PANAMA,1903,Theodore Roosevelt
234,november,NNP,November,1903,Theodore Roosevelt
235,6,CD,6,1903,Theodore Roosevelt
236,1903,CD,1903,1903,Theodore Roosevelt
237,received,VBD,Received,1903,Theodore Roosevelt
238,11:55,CD,11:55,1903,Theodore Roosevelt
239,a.m,NNS,a.m,1903,Theodore Roosevelt
240,the,DT,The,1903,Theodore Roosevelt
241,situation,NN,situation,1903,Theodore Roosevelt
242,is,VBZ,be,1903,Theodore Roosevelt
243,peaceful,JJ,peaceful,1903,Theodore Roosevelt
244,isthmian,JJ,Isthmian,1903,Theodore Roosevelt
245,movement,NN,movement,1903,Theodore Roosevelt
246,has,VBZ,have,1903,Theodore Roosevelt
247,obtained,VBN,obtain,1903,Theodore Roosevelt
248,so,RB,so,1903,Theodore Roosevelt
249,far,RB,far,1903,Theodore Roosevelt
250,success,NN,success,1903,Theodore Roosevelt
251,colon,NNP,Colon,1903,Theodore Roosevelt
252,and,CC,and,1903,Theodore Roosevelt
253,interior,JJ,interior,1903,Theodore Roosevelt
254,provinces,NNS,province,1903,Theodore Roosevelt
255,have,VBP,have,1903,Theodore Roosevelt
256,enthusiastically,RB,enthusiastically,1903,Theodore Roosevelt
257,joined,VBN,join,1903,Theodore Roosevelt
258,independence,NN,independence,1903,Theodore Roosevelt
259,not,RB,Not,1903,Theodore Roosevelt
260,any,DT,any,1903,Theodore Roosevelt
261,colombian,JJ,Colombian,1903,Theodore Roosevelt
262,soldiers,NNS,soldier,1903,Theodore Roosevelt
263,known,VBN,know,1903,Theodore Roosevelt
264,on,IN,on,1903,Theodore Roosevelt
265,isthmian,JJ,isthmian,1903,Theodore Roosevelt
266,soil,NN,soil,1903,Theodore Roosevelt
267,at,IN,at,1903,Theodore Roosevelt
268,present,JJ,present,1903,Theodore Roosevelt
269,padilla,NNP,Padilla,1903,Theodore Roosevelt
270,equipped,VBD,equip,1903,Theodore Roosevelt
271,to,TO,to,1903,Theodore Roosevelt
272,pursue,VB,pursue,1903,Theodore Roosevelt
273,bogota,NNP,Bogota,1903,Theodore Roosevelt
274,bunau,NNP,Bunau,1903,Theodore Roosevelt
275,varilla,NNP,Varilla,1903,Theodore Roosevelt
276,has,VBZ,have,1903,Theodore Roosevelt
277,been,VBN,be,1903,Theodore Roosevelt
278,appointed,VBN,appoint,1903,Theodore Roosevelt
279,officially,RB,officially,1903,Theodore Roosevelt
280,confidential,JJ,confidential,1903,Theodore Roosevelt
281,agent,NN,agent,1903,Theodore Roosevelt
282,of,IN,of,1903,Theodore Roosevelt
283,the,DT,the,1903,Theodore Roosevelt
284,republic,NNP,Republic,1903,Theodore Roosevelt
285,of,IN,of,1903,Theodore Roosevelt
286,panama,NNP,Panama,1903,Theodore Roosevelt
287,at,IN,at,1903,Theodore Roosevelt
288,washington,NNP,Washington,1903,Theodore Roosevelt
289,ehrman,NNP,EHRMAN,1903,Theodore Roosevelt
290,mr.,NNP,Mr.,1903,Theodore Roosevelt
291,hay,NNP,Hay,1903,Theodore Roosevelt
292,to,TO,to,1903,Theodore Roosevelt
293,mr.,NNP,Mr.,1903,Theodore Roosevelt
294,ehrman,NNP,Ehrman,1903,Theodore Roosevelt
295,telegram,NN,TELEGRAM,1903,Theodore Roosevelt
296,department,NNP,DEPARTMENT,1903,Theodore Roosevelt
297,of,NNP,OF,1903,Theodore Roosevelt
298,state,NNP,STATE,1903,Theodore Roosevelt
299,washington,NNP,Washington,1903,Theodore Roosevelt
300,november,NNP,November,1903,Theodore Roosevelt
301,6,CD,6,1903,Theodore Roosevelt
302,1903,CD,1903,1903,Theodore Roosevelt
303,sent,VBD,Sent,1903,Theodore Roosevelt
304,12.51,CD,12.51,1903,Theodore Roosevelt
305,p.m,NN,p.m,1903,Theodore Roosevelt
306,the,DT,The,1903,Theodore Roosevelt
307,people,NNS,people,1903,Theodore Roosevelt
308,of,IN,of,1903,Theodore Roosevelt
309,panama,NNP,Panama,1903,Theodore Roosevelt
310,have,VBP,have,1903,Theodore Roosevelt
311,by,IN,by,1903,Theodore Roosevelt
312,an,DT,an,1903,Theodore Roosevelt
313,apparently,RB,apparently,1903,Theodore Roosevelt
314,unanimous,JJ,unanimous,1903,Theodore Roosevelt
315,movement,NN,movement,1903,Theodore Roosevelt
316,dissolved,VBD,dissolve,1903,Theodore Roosevelt
317,their,PRP$,their,1903,Theodore Roosevelt
318,political,JJ,political,1903,Theodore Roosevelt
319,connection,NN,connection,1903,Theodore Roosevelt
320,with,IN,with,1903,Theodore Roosevelt
321,the,DT,the,1903,Theodore Roosevelt
322,republic,NNP,Republic,1903,Theodore Roosevelt
323,of,IN,of,1903,Theodore Roosevelt
324,colombia,NNP,Colombia,1903,Theodore Roosevelt
325,and,CC,and,1903,Theodore Roosevelt
326,resumed,VBD,resume,1903,Theodore Roosevelt
327,their,PRP$,their,1903,Theodore Roosevelt
328,independence,NN,independence,1903,Theodore Roosevelt
329,when,WRB,When,1903,Theodore Roosevelt
330,you,PRP,you,1903,Theodore Roosevelt
331,are,VBP,be,1903,Theodore Roosevelt
332,satisfied,VBN,satisfy,1903,Theodore Roosevelt
333,that,IN,that,1903,Theodore Roosevelt
334,a,DT,a,1903,Theodore Roosevelt
335,de,FW,de,1903,Theodore Roosevelt
336,facto,FW,facto,1903,Theodore Roosevelt
337,government,NN,government,1903,Theodore Roosevelt
338,republican,JJ,republican,1903,Theodore Roosevelt
339,in,IN,in,1903,Theodore Roosevelt
340,form,NN,form,1903,Theodore Roosevelt
341,and,CC,and,1903,Theodore Roosevelt
342,without,IN,without,1903,Theodore Roosevelt
343,substantial,JJ,substantial,1903,Theodore Roosevelt
344,opposition,NN,opposition,1903,Theodore Roosevelt
345,from,IN,from,1903,Theodore Roosevelt
346,its,PRP$,its,1903,Theodore Roosevelt
347,own,JJ,own,1903,Theodore Roosevelt
348,people,NNS,people,1903,Theodore Roosevelt
349,has,VBZ,have,1903,Theodore Roosevelt
350,been,VBN,be,1903,Theodore Roosevelt
351,established,VBN,establish,1903,Theodore Roosevelt
352,in,IN,in,1903,Theodore Roosevelt
353,the,DT,the,1903,Theodore Roosevelt
354,state,NNP,State,1903,Theodore Roosevelt
355,of,IN,of,1903,Theodore Roosevelt
356,panama,NNP,Panama,1903,Theodore Roosevelt
357,you,PRP,you,1903,Theodore Roosevelt
358,will,MD,will,1903,Theodore Roosevelt
359,enter,VB,enter,1903,Theodore Roosevelt
360,into,IN,into,1903,Theodore Roosevelt
361,relations,NNS,relation,1903,Theodore Roosevelt
362,with,IN,with,1903,Theodore Roosevelt
363,it,PRP,it,1903,Theodore Roosevelt
364,as,IN,as,1903,Theodore Roosevelt
365,the,DT,the,1903,Theodore Roosevelt
366,responsible,JJ,responsible,1903,Theodore Roosevelt
367,government,NN,government,1903,Theodore Roosevelt
368,of,IN,of,1903,Theodore Roosevelt
369,the,DT,the,1903,Theodore Roosevelt
370,territory,NN,territory,1903,Theodore Roosevelt
371,and,CC,and,1903,Theodore Roosevelt
372,look,NN,look,1903,Theodore Roosevelt
373,to,TO,to,1903,Theodore Roosevelt
374,it,PRP,it,1903,Theodore Roosevelt
375,for,IN,for,1903,Theodore Roosevelt
376,all,DT,all,1903,Theodore Roosevelt
377,due,JJ,due,1903,Theodore Roosevelt
378,action,NN,action,1903,Theodore Roosevelt
379,to,TO,to,1903,Theodore Roosevelt
380,protect,VB,protect,1903,Theodore Roosevelt
381,the,DT,the,1903,Theodore Roosevelt
382,persons,NNS,person,1903,Theodore Roosevelt
383,and,CC,and,1903,Theodore Roosevelt
384,property,NN,property,1903,Theodore Roosevelt
385,of,IN,of,1903,Theodore Roosevelt
386,citizens,NNS,citizen,1903,Theodore Roosevelt
387,of,IN,of,1903,Theodore Roosevelt
388,the,DT,the,1903,Theodore Roosevelt
389,united,NNP,United,1903,Theodore Roosevelt
390,states,NNPS,States,1903,Theodore Roosevelt
391,and,CC,and,1903,Theodore Roosevelt
392,to,TO,to,1903,Theodore Roosevelt
393,keep,VB,keep,1903,Theodore Roosevelt
394,open,VB,open,1903,Theodore Roosevelt
395,the,DT,the,1903,Theodore Roosevelt
396,isthmian,JJ,isthmian,1903,Theodore Roosevelt
397,transit,NN,transit,1903,Theodore Roosevelt
398,in,IN,in,1903,Theodore Roosevelt
399,accordance,NN,accordance,1903,Theodore Roosevelt
400,with,IN,with,1903,Theodore Roosevelt
401,the,DT,the,1903,Theodore Roosevelt
402,obligations,NNS,obligation,1903,Theodore Roosevelt
403,of,IN,of,1903,Theodore Roosevelt
404,existing,VBG,exist,1903,Theodore Roosevelt
405,treaties,NNS,treaty,1903,Theodore Roosevelt
406,governing,VBG,govern,1903,Theodore Roosevelt
407,the,DT,the,1903,Theodore Roosevelt
408,relation,NN,relation,1903,Theodore Roosevelt
409,of,IN,of,1903,Theodore Roosevelt
410,the,DT,the,1903,Theodore Roosevelt
411,united,NNP,United,1903,Theodore Roosevelt
412,states,NNPS,States,1903,Theodore Roosevelt
413,to,TO,to,1903,Theodore Roosevelt
414,that,DT,that,1903,Theodore Roosevelt
415,territory,NN,territory,1903,Theodore Roosevelt
416,communicate,NNP,Communicate,1903,Theodore Roosevelt
417,above,IN,above,1903,Theodore Roosevelt
418,to,TO,to,1903,Theodore Roosevelt
419,malmros,NNP,Malmros,1903,Theodore Roosevelt
420,who,WP,who,1903,Theodore Roosevelt
421,will,MD,will,1903,Theodore Roosevelt
422,be,VB,be,1903,Theodore Roosevelt
423,governed,VBN,govern,1903,Theodore Roosevelt
424,by,IN,by,1903,Theodore Roosevelt
425,these,DT,these,1903,Theodore Roosevelt
426,instructions,NNS,instruction,1903,Theodore Roosevelt
427,in,IN,in,1903,Theodore Roosevelt
428,entering,VBG,enter,1903,Theodore Roosevelt
429,into,IN,into,1903,Theodore Roosevelt
430,relations,NNS,relation,1903,Theodore Roosevelt
431,with,IN,with,1903,Theodore Roosevelt
432,the,DT,the,1903,Theodore Roosevelt
433,local,JJ,local,1903,Theodore Roosevelt
434,authorities,NNS,authority,1903,Theodore Roosevelt
435,hay,NN,HAY,1903,Theodore Roosevelt
436,mr.,NNP,Mr.,1903,Theodore Roosevelt
437,hay,NNP,Hay,1903,Theodore Roosevelt
438,to,TO,to,1903,Theodore Roosevelt
439,mr.,NNP,Mr.,1903,Theodore Roosevelt
440,ehrman,NNP,Ehrman,1903,Theodore Roosevelt
441,telegram,NN,TELEGRAM,1903,Theodore Roosevelt
442,department,NNP,DEPARTMENT,1903,Theodore Roosevelt
443,of,NNP,OF,1903,Theodore Roosevelt
444,state,NNP,STATE,1903,Theodore Roosevelt
445,washington,NNP,Washington,1903,Theodore Roosevelt
446,november,NNP,November,1903,Theodore Roosevelt
447,6,CD,6,1903,Theodore Roosevelt
448,1903,CD,1903,1903,Theodore Roosevelt
449,sent,VBD,Sent,1903,Theodore Roosevelt
450,2:45,CD,2:45,1903,Theodore Roosevelt
451,p.m,NN,p.m,1903,Theodore Roosevelt
452,i,PRP,I,1903,Theodore Roosevelt
453,send,VBP,send,1903,Theodore Roosevelt
454,for,IN,for,1903,Theodore Roosevelt
455,your,PRP$,your,1903,Theodore Roosevelt
456,information,NN,information,1903,Theodore Roosevelt
457,and,CC,and,1903,Theodore Roosevelt
458,guidance,NN,guidance,1903,Theodore Roosevelt
459,in,IN,in,1903,Theodore Roosevelt
460,the,DT,the,1903,Theodore Roosevelt
461,execution,NN,execution,1903,Theodore Roosevelt
462,of,IN,of,1903,Theodore Roosevelt
463,the,DT,the,1903,Theodore Roosevelt
464,instructions,NNS,instruction,1903,Theodore Roosevelt
465,cabled,VBD,cable,1903,Theodore Roosevelt
466,to,TO,to,1903,Theodore Roosevelt
467,you,PRP,you,1903,Theodore Roosevelt
468,to-day,JJ,to-day,1903,Theodore Roosevelt
469,the,DT,the,1903,Theodore Roosevelt
470,text,NN,text,1903,Theodore Roosevelt
471,of,IN,of,1903,Theodore Roosevelt
472,a,DT,a,1903,Theodore Roosevelt
473,telegram,NN,telegram,1903,Theodore Roosevelt
474,dispatched,VBN,dispatch,1903,Theodore Roosevelt
475,this,DT,this,1903,Theodore Roosevelt
476,day,NN,day,1903,Theodore Roosevelt
477,to,TO,to,1903,Theodore Roosevelt
478,the,DT,the,1903,Theodore Roosevelt
479,united,NNP,United,1903,Theodore Roosevelt
480,states,NNPS,States,1903,Theodore Roosevelt
481,minister,NN,minister,1903,Theodore Roosevelt
482,at,IN,at,1903,Theodore Roosevelt
483,bogota,NNP,Bogota,1903,Theodore Roosevelt
484,the,DT,The,1903,Theodore Roosevelt
485,people,NNS,people,1903,Theodore Roosevelt
486,of,IN,of,1903,Theodore Roosevelt
487,panama,NNP,Panama,1903,Theodore Roosevelt
488,having,VBG,have,1903,Theodore Roosevelt
489,by,IN,by,1903,Theodore Roosevelt
490,an,DT,an,1903,Theodore Roosevelt
491,apparently,RB,apparently,1903,Theodore Roosevelt
492,unanimous,JJ,unanimous,1903,Theodore Roosevelt
493,movement,NN,movement,1903,Theodore Roosevelt
494,dissolved,VBD,dissolve,1903,Theodore Roosevelt
495,their,PRP$,their,1903,Theodore Roosevelt
496,political,JJ,political,1903,Theodore Roosevelt
497,connection,NN,connection,1903,Theodore Roosevelt
498,with,IN,with,1903,Theodore Roosevelt
499,the,DT,the,1903,Theodore Roosevelt
500,republic,NNP,Republic,1903,Theodore Roosevelt
501,of,IN,of,1903,Theodore Roosevelt
502,colombia,NNP,Colombia,1903,Theodore Roosevelt
503,and,CC,and,1903,Theodore Roosevelt
504,resumed,VBD,resume,1903,Theodore Roosevelt
505,their,PRP$,their,1903,Theodore Roosevelt
506,independence,NN,independence,1903,Theodore Roosevelt
507,and,CC,and,1903,Theodore Roosevelt
508,having,VBG,have,1903,Theodore Roosevelt
509,adopted,VBN,adopt,1903,Theodore Roosevelt
510,a,DT,a,1903,Theodore Roosevelt
511,government,NN,government,1903,Theodore Roosevelt
512,of,IN,of,1903,Theodore Roosevelt
513,their,PRP$,their,1903,Theodore Roosevelt
514,own,JJ,own,1903,Theodore Roosevelt
515,republican,JJ,republican,1903,Theodore Roosevelt
516,in,IN,in,1903,Theodore Roosevelt
517,form,NN,form,1903,Theodore Roosevelt
518,with,IN,with,1903,Theodore Roosevelt
519,which,WDT,which,1903,Theodore Roosevelt
520,the,DT,the,1903,Theodore Roosevelt
521,government,NNP,Government,1903,Theodore Roosevelt
522,of,IN,of,1903,Theodore Roosevelt
523,the,DT,the,1903,Theodore Roosevelt
524,united,NNP,United,1903,Theodore Roosevelt
525,states,NNPS,States,1903,Theodore Roosevelt
526,of,IN,of,1903,Theodore Roosevelt
527,america,NNP,America,1903,Theodore Roosevelt
528,has,VBZ,have,1903,Theodore Roosevelt
529,entered,VBN,enter,1903,Theodore Roosevelt
530,into,IN,into,1903,Theodore Roosevelt
531,relations,NNS,relation,1903,Theodore Roosevelt
532,the,DT,the,1903,Theodore Roosevelt
533,president,NNP,President,1903,Theodore Roosevelt
534,of,IN,of,1903,Theodore Roosevelt
535,the,DT,the,1903,Theodore Roosevelt
536,united,NNP,United,1903,Theodore Roosevelt
537,states,NNPS,States,1903,Theodore Roosevelt
538,in,IN,in,1903,Theodore Roosevelt
539,accordance,NN,accordance,1903,Theodore Roosevelt
540,with,IN,with,1903,Theodore Roosevelt
541,the,DT,the,1903,Theodore Roosevelt
542,ties,NNS,tie,1903,Theodore Roosevelt
543,of,IN,of,1903,Theodore Roosevelt
544,friendship,NN,friendship,1903,Theodore Roosevelt
545,which,WDT,which,1903,Theodore Roosevelt
546,have,VBP,have,1903,Theodore Roosevelt
547,so,RB,so,1903,Theodore Roosevelt
548,long,RB,long,1903,Theodore Roosevelt
549,and,CC,and,1903,Theodore Roosevelt
550,so,RB,so,1903,Theodore Roosevelt
551,happily,RB,happily,1903,Theodore Roosevelt
552,existed,VBN,exist,1903,Theodore Roosevelt
553,between,IN,between,1903,Theodore Roosevelt
554,the,DT,the,1903,Theodore Roosevelt
555,respective,JJ,respective,1903,Theodore Roosevelt
556,nations,NNS,nation,1903,Theodore Roosevelt
557,most,JJS,most,1903,Theodore Roosevelt
558,earnestly,RB,earnestly,1903,Theodore Roosevelt
559,commends,VBZ,commend,1903,Theodore Roosevelt
560,to,TO,to,1903,Theodore Roosevelt
561,the,DT,the,1903,Theodore Roosevelt
562,governments,NNS,Governments,1903,Theodore Roosevelt
563,of,IN,of,1903,Theodore Roosevelt
564,colombia,NNP,Colombia,1903,Theodore Roosevelt
565,and,CC,and,1903,Theodore Roosevelt
566,of,IN,of,1903,Theodore Roosevelt
567,panama,NNP,Panama,1903,Theodore Roosevelt
568,the,DT,the,1903,Theodore Roosevelt
569,peaceful,NN,peaceful,1903,Theodore Roosevelt
570,and,CC,and,1903,Theodore Roosevelt
571,equitable,JJ,equitable,1903,Theodore Roosevelt
572,settlement,NN,settlement,1903,Theodore Roosevelt
573,of,IN,of,1903,Theodore Roosevelt
574,all,DT,all,1903,Theodore Roosevelt
575,questions,NNS,question,1903,Theodore Roosevelt
576,at,IN,at,1903,Theodore Roosevelt
577,issue,NN,issue,1903,Theodore Roosevelt
578,between,IN,between,1903,Theodore Roosevelt
579,them,PRP,them,1903,Theodore Roosevelt
580,he,PRP,He,1903,Theodore Roosevelt
581,holds,VBZ,hold,1903,Theodore Roosevelt
582,that,IN,that,1903,Theodore Roosevelt
583,he,PRP,he,1903,Theodore Roosevelt
584,is,VBZ,be,1903,Theodore Roosevelt
585,bound,VBN,bind,1903,Theodore Roosevelt
586,not,RB,not,1903,Theodore Roosevelt
587,merely,RB,merely,1903,Theodore Roosevelt
588,by,IN,by,1903,Theodore Roosevelt
589,treaty,NN,treaty,1903,Theodore Roosevelt
590,obligations,NNS,obligation,1903,Theodore Roosevelt
591,but,CC,but,1903,Theodore Roosevelt
592,by,IN,by,1903,Theodore Roosevelt
593,the,DT,the,1903,Theodore Roosevelt
594,interests,NNS,interest,1903,Theodore Roosevelt
595,of,IN,of,1903,Theodore Roosevelt
596,civilization,NN,civilization,1903,Theodore Roosevelt
597,to,TO,to,1903,Theodore Roosevelt
598,see,VB,see,1903,Theodore Roosevelt
599,that,IN,that,1903,Theodore Roosevelt
600,the,DT,the,1903,Theodore Roosevelt
601,peaceable,JJ,peaceable,1903,Theodore Roosevelt
602,traffic,NN,traffic,1903,Theodore Roosevelt
603,of,IN,of,1903,Theodore Roosevelt
604,the,DT,the,1903,Theodore Roosevelt
605,world,NN,world,1903,Theodore Roosevelt
606,across,IN,across,1903,Theodore Roosevelt
607,the,DT,the,1903,Theodore Roosevelt
608,isthmus,NNP,Isthmus,1903,Theodore Roosevelt
609,of,IN,of,1903,Theodore Roosevelt
610,panama,NNP,Panama,1903,Theodore Roosevelt
611,shall,MD,shall,1903,Theodore Roosevelt
612,not,RB,not,1903,Theodore Roosevelt
613,longer,RB,longer,1903,Theodore Roosevelt
614,be,VB,be,1903,Theodore Roosevelt
615,disturbed,VBN,disturb,1903,Theodore Roosevelt
616,by,IN,by,1903,Theodore Roosevelt
617,a,DT,a,1903,Theodore Roosevelt
618,constant,JJ,constant,1903,Theodore Roosevelt
619,succession,NN,succession,1903,Theodore Roosevelt
620,of,IN,of,1903,Theodore Roosevelt
621,unnecessary,JJ,unnecessary,1903,Theodore Roosevelt
622,and,CC,and,1903,Theodore Roosevelt
623,wasteful,JJ,wasteful,1903,Theodore Roosevelt
624,civil,JJ,civil,1903,Theodore Roosevelt
625,wars,NNS,war,1903,Theodore Roosevelt
626,hay,NNP,HAY,1903,Theodore Roosevelt
627,mr.,NNP,Mr.,1903,Theodore Roosevelt
628,ehrman,NNP,Ehrman,1903,Theodore Roosevelt
629,to,TO,to,1903,Theodore Roosevelt
630,mr.,NNP,Mr.,1903,Theodore Roosevelt
631,hay,NNP,Hay,1903,Theodore Roosevelt
632,telegram,NN,TELEGRAM,1903,Theodore Roosevelt
633,panama,NNP,PANAMA,1903,Theodore Roosevelt
634,november,NNP,November,1903,Theodore Roosevelt
635,6,CD,6,1903,Theodore Roosevelt
636,1903,CD,1903,1903,Theodore Roosevelt
637,received,VBD,Received,1903,Theodore Roosevelt
638,7:23,CD,7:23,1903,Theodore Roosevelt
639,p.m,RB,p.m,1903,Theodore Roosevelt
640,filippe,NNP,Filippe,1903,Theodore Roosevelt
641,bunau,NNP,Bunau,1903,Theodore Roosevelt
642,varilla,NNP,Varilla,1903,Theodore Roosevelt
643,has,VBZ,have,1903,Theodore Roosevelt
644,been,VBN,be,1903,Theodore Roosevelt
645,appointed,VBN,appoint,1903,Theodore Roosevelt
646,envoy,JJ,envoy,1903,Theodore Roosevelt
647,extraordinary,JJ,extraordinary,1903,Theodore Roosevelt
648,and,CC,and,1903,Theodore Roosevelt
649,minister,NN,minister,1903,Theodore Roosevelt
650,plenipotentiary,NN,plenipotentiary,1903,Theodore Roosevelt
651,to,TO,to,1903,Theodore Roosevelt
652,the,DT,the,1903,Theodore Roosevelt
653,united,NNP,United,1903,Theodore Roosevelt
654,states,NNPS,States,1903,Theodore Roosevelt
655,of,IN,of,1903,Theodore Roosevelt
656,america,NNP,America,1903,Theodore Roosevelt
657,perfect,NNP,Perfect,1903,Theodore Roosevelt
658,quiet,JJ,quiet,1903,Theodore Roosevelt
659,ehrman,NNP,EHRMAN,1903,Theodore Roosevelt
660,mr.,NNP,Mr.,1903,Theodore Roosevelt
661,ehrman,NNP,Ehrman,1903,Theodore Roosevelt
662,to,TO,to,1903,Theodore Roosevelt
663,mr.,NNP,Mr.,1903,Theodore Roosevelt
664,hay,NNP,Hay,1903,Theodore Roosevelt
665,telegram,NN,TELEGRAM,1903,Theodore Roosevelt
666,panama,NNP,PANAMA,1903,Theodore Roosevelt
667,november,NNP,November,1903,Theodore Roosevelt
668,7,CD,7,1903,Theodore Roosevelt
669,1903,CD,1903,1903,Theodore Roosevelt
670,received,VBD,Received,1903,Theodore Roosevelt
671,12:20,CD,12:20,1903,Theodore Roosevelt
672,p.m,RB,p.m,1903,Theodore Roosevelt
673,i,PRP,I,1903,Theodore Roosevelt
674,have,VBP,have,1903,Theodore Roosevelt
675,communicated,VBN,communicate,1903,Theodore Roosevelt
676,to,TO,to,1903,Theodore Roosevelt
677,panama,VB,Panama,1903,Theodore Roosevelt
678,government,NNP,Government,1903,Theodore Roosevelt
679,that,IN,that,1903,Theodore Roosevelt
680,they,PRP,they,1903,Theodore Roosevelt
681,will,MD,will,1903,Theodore Roosevelt
682,he,PRP,he,1903,Theodore Roosevelt
683,held,VBD,hold,1903,Theodore Roosevelt
684,responsible,JJ,responsible,1903,Theodore Roosevelt
685,for,IN,for,1903,Theodore Roosevelt
686,the,DT,the,1903,Theodore Roosevelt
687,protection,NN,protection,1903,Theodore Roosevelt
688,of,IN,of,1903,Theodore Roosevelt
689,the,DT,the,1903,Theodore Roosevelt
690,persons,NNS,person,1903,Theodore Roosevelt
691,and,CC,and,1903,Theodore Roosevelt
692,property,NN,property,1903,Theodore Roosevelt
693,of,IN,of,1903,Theodore Roosevelt
694,citizens,NNS,citizen,1903,Theodore Roosevelt
695,of,IN,of,1903,Theodore Roosevelt
696,the,DT,the,1903,Theodore Roosevelt
697,united,NNP,United,1903,Theodore Roosevelt
698,states,NNPS,States,1903,Theodore Roosevelt
699,as,RB,as,1903,Theodore Roosevelt
700,well,RB,well,1903,Theodore Roosevelt
701,as,IN,as,1903,Theodore Roosevelt
702,to,TO,to,1903,Theodore Roosevelt
703,keep,VB,keep,1903,Theodore Roosevelt
704,the,DT,the,1903,Theodore Roosevelt
705,isthmian,JJ,isthmian,1903,Theodore Roosevelt
706,transit,NN,transit,1903,Theodore Roosevelt
707,free,JJ,free,1903,Theodore Roosevelt
708,in,IN,in,1903,Theodore Roosevelt
709,accordance,NN,accordance,1903,Theodore Roosevelt
710,with,IN,with,1903,Theodore Roosevelt
711,obligations,NNS,obligation,1903,Theodore Roosevelt
712,of,IN,of,1903,Theodore Roosevelt
713,existing,VBG,exist,1903,Theodore Roosevelt
714,treaties,NNS,treaty,1903,Theodore Roosevelt
715,relative,VBP,relative,1903,Theodore Roosevelt
716,to,TO,to,1903,Theodore Roosevelt
717,the,DT,the,1903,Theodore Roosevelt
718,isthmian,JJ,isthmian,1903,Theodore Roosevelt
719,territory,NN,territory,1903,Theodore Roosevelt
720,ehrman,NN,EHRMAN,1903,Theodore Roosevelt
721,mr.,NNP,Mr.,1903,Theodore Roosevelt
722,ehrman,NNP,Ehrman,1903,Theodore Roosevelt
723,to,TO,to,1903,Theodore Roosevelt
724,mr.,NNP,Mr.,1903,Theodore Roosevelt
725,hay,NNP,Hay,1903,Theodore Roosevelt
726,telegram,NN,TELEGRAM,1903,Theodore Roosevelt
727,panama,NNP,PANAMA,1903,Theodore Roosevelt
728,november,NNP,November,1903,Theodore Roosevelt
729,8,CD,8,1903,Theodore Roosevelt
730,1903,CD,1903,1903,Theodore Roosevelt
731,received,VBD,Received,1903,Theodore Roosevelt
732,11:23,CD,11:23,1903,Theodore Roosevelt
733,p.m,RB,p.m,1903,Theodore Roosevelt
734,it,PRP,It,1903,Theodore Roosevelt
735,is,VBZ,be,1903,Theodore Roosevelt
736,reported,VBN,report,1903,Theodore Roosevelt
737,that,IN,that,1903,Theodore Roosevelt
738,colombian,JJ,Colombian,1903,Theodore Roosevelt
739,authorities,NNS,authority,1903,Theodore Roosevelt
740,have,VBP,have,1903,Theodore Roosevelt
741,detained,VBN,detain,1903,Theodore Roosevelt
742,english,JJ,English,1903,Theodore Roosevelt
743,steamers,NNS,steamer,1903,Theodore Roosevelt
744,manavi,NNP,Manavi,1903,Theodore Roosevelt
745,and,CC,and,1903,Theodore Roosevelt
746,quito,NNP,Quito,1903,Theodore Roosevelt
747,at,IN,at,1903,Theodore Roosevelt
748,buenaventura,NNP,Buenaventura,1903,Theodore Roosevelt
749,supposed,VBN,Supposed,1903,Theodore Roosevelt
750,to,TO,to,1903,Theodore Roosevelt
751,be,VB,be,1903,Theodore Roosevelt
752,to,TO,to,1903,Theodore Roosevelt
753,bring,VB,bring,1903,Theodore Roosevelt
754,troops,NNS,troop,1903,Theodore Roosevelt
755,to,TO,to,1903,Theodore Roosevelt
756,the,DT,the,1903,Theodore Roosevelt
757,isthmus,NNP,Isthmus,1903,Theodore Roosevelt
758,ehrman,NNP,EHRMAN,1903,Theodore Roosevelt
759,mr.,NNP,Mr.,1903,Theodore Roosevelt
760,ehrman,NNP,Ehrman,1903,Theodore Roosevelt
761,to,TO,to,1903,Theodore Roosevelt
762,mr.,NNP,Mr.,1903,Theodore Roosevelt
763,hay,NNP,Hay,1903,Theodore Roosevelt
764,telegram,NN,TELEGRAM,1903,Theodore Roosevelt
765,panama,NNP,PANAMA,1903,Theodore Roosevelt
766,november,NNP,November,1903,Theodore Roosevelt
767,10,CD,10,1903,Theodore Roosevelt
768,1903,CD,1903,1903,Theodore Roosevelt
769,received,VBD,Received,1903,Theodore Roosevelt
770,1:35,CD,1:35,1903,Theodore Roosevelt
771,p.m,RB,p.m,1903,Theodore Roosevelt
772,federico,NNP,Federico,1903,Theodore Roosevelt
773,boyd,NNP,Boyd,1903,Theodore Roosevelt
774,a,DT,a,1903,Theodore Roosevelt
775,member,NN,member,1903,Theodore Roosevelt
776,of,IN,of,1903,Theodore Roosevelt
777,the,DT,the,1903,Theodore Roosevelt
778,committee,NNP,Committee,1903,Theodore Roosevelt
779,of,IN,of,1903,Theodore Roosevelt
780,the,DT,the,1903,Theodore Roosevelt
781,government,NNP,Government,1903,Theodore Roosevelt
782,amador,NNP,Amador,1903,Theodore Roosevelt
783,guerrero,NNP,Guerrero,1903,Theodore Roosevelt
784,both,DT,both,1903,Theodore Roosevelt
785,delegates,NNS,delegate,1903,Theodore Roosevelt
786,on,IN,on,1903,Theodore Roosevelt
787,the,DT,the,1903,Theodore Roosevelt
788,way,NN,way,1903,Theodore Roosevelt
789,to,TO,to,1903,Theodore Roosevelt
790,washington,NNP,Washington,1903,Theodore Roosevelt
791,to,TO,to,1903,Theodore Roosevelt
792,arrange,VB,arrange,1903,Theodore Roosevelt
793,in,IN,in,1903,Theodore Roosevelt
794,satisfactory,JJ,satisfactory,1903,Theodore Roosevelt
795,manner,NN,manner,1903,Theodore Roosevelt
796,to,TO,to,1903,Theodore Roosevelt
797,the,DT,the,1903,Theodore Roosevelt
798,united,NNP,United,1903,Theodore Roosevelt
799,states,NNPS,States,1903,Theodore Roosevelt
800,the,DT,the,1903,Theodore Roosevelt
801,canal,NN,canal,1903,Theodore Roosevelt
802,treaty,NN,treaty,1903,Theodore Roosevelt
803,and,CC,and,1903,Theodore Roosevelt
804,other,JJ,other,1903,Theodore Roosevelt
805,matters,NNS,matter,1903,Theodore Roosevelt
806,pablo,NNP,Pablo,1903,Theodore Roosevelt
807,arosemena,NNP,Arosemena,1903,Theodore Roosevelt
808,attorney,NN,attorney,1903,Theodore Roosevelt
809,proceeds,NNS,proceeds,1903,Theodore Roosevelt
810,next,IN,next,1903,Theodore Roosevelt
811,steamer,NN,steamer,1903,Theodore Roosevelt
812,english,JJ,English,1903,Theodore Roosevelt
813,steamers,NNS,steamer,1903,Theodore Roosevelt
814,were,VBD,be,1903,Theodore Roosevelt
815,not,RB,not,1903,Theodore Roosevelt
816,held,VBN,hold,1903,Theodore Roosevelt
817,at,IN,at,1903,Theodore Roosevelt
818,buenaventura,NNP,Buenaventura,1903,Theodore Roosevelt
819,gunboat,NNP,Gunboat,1903,Theodore Roosevelt
820,bogota,NNP,Bogota,1903,Theodore Roosevelt
821,has,VBZ,have,1903,Theodore Roosevelt
822,left,VBN,leave,1903,Theodore Roosevelt
823,buenaventura,NNP,Buenaventura,1903,Theodore Roosevelt
824,ehrman,NNP,EHRMAN,1903,Theodore Roosevelt
825,mr.,NNP,Mr.,1903,Theodore Roosevelt
826,loomis,NNP,Loomis,1903,Theodore Roosevelt
827,to,TO,to,1903,Theodore Roosevelt
828,mr.,NNP,Mr.,1903,Theodore Roosevelt
829,ehrman,NNP,Ehrman,1903,Theodore Roosevelt
830,telegram,NN,TELEGRAM,1903,Theodore Roosevelt
831,department,NNP,DEPARTMENT,1903,Theodore Roosevelt
832,of,NNP,OF,1903,Theodore Roosevelt
833,state,NNP,STATE,1903,Theodore Roosevelt
834,washington,NNP,Washington,1903,Theodore Roosevelt
835,november,NNP,November,1903,Theodore Roosevelt
836,10,CD,10,1903,Theodore Roosevelt
837,1903,CD,1903,1903,Theodore Roosevelt
838,sent,VBD,Sent,1903,Theodore Roosevelt
839,3:42,CD,3:42,1903,Theodore Roosevelt
840,p.m,NN,p.m,1903,Theodore Roosevelt
841,keep,VB,Keep,1903,Theodore Roosevelt
842,in,IN,in,1903,Theodore Roosevelt
843,touch,NN,touch,1903,Theodore Roosevelt
844,with,IN,with,1903,Theodore Roosevelt
845,commander,NN,commander,1903,Theodore Roosevelt
846,of,IN,of,1903,Theodore Roosevelt
847,united,NNP,United,1903,Theodore Roosevelt
848,states,NNPS,States,1903,Theodore Roosevelt
849,naval,JJ,naval,1903,Theodore Roosevelt
850,forces,NNS,force,1903,Theodore Roosevelt
851,at,IN,at,1903,Theodore Roosevelt
852,panama,NNP,Panama,1903,Theodore Roosevelt
853,advising,VBG,advise,1903,Theodore Roosevelt
854,him,PRP,him,1903,Theodore Roosevelt
855,concerning,VBG,concern,1903,Theodore Roosevelt
856,news,NN,news,1903,Theodore Roosevelt
857,bearing,NN,bearing,1903,Theodore Roosevelt
858,on,IN,on,1903,Theodore Roosevelt
859,military,JJ,military,1903,Theodore Roosevelt
860,situation,NN,situation,1903,Theodore Roosevelt
861,loomis,NNP,LOOMIS,1903,Theodore Roosevelt
862,acting,NNP,Acting,1903,Theodore Roosevelt
863,mr.,NNP,Mr.,1903,Theodore Roosevelt
864,ehrman,NNP,Ehrman,1903,Theodore Roosevelt
865,to,TO,to,1903,Theodore Roosevelt
866,mr.,NNP,Mr.,1903,Theodore Roosevelt
867,hay,NNP,Hay,1903,Theodore Roosevelt
868,telegram,NN,TELEGRAM,1903,Theodore Roosevelt
869,panama,NNP,PANAMA,1903,Theodore Roosevelt
870,november,NNP,November,1903,Theodore Roosevelt
871,11,CD,11,1903,Theodore Roosevelt
872,1903,CD,1903,1903,Theodore Roosevelt
873,received,VBD,Received,1903,Theodore Roosevelt
874,5:32,CD,5:32,1903,Theodore Roosevelt
875,p.m,RB,p.m,1903,Theodore Roosevelt
876,i,PRP,I,1903,Theodore Roosevelt
877,am,VBP,be,1903,Theodore Roosevelt
878,officially,RB,officially,1903,Theodore Roosevelt
879,informed,VBN,inform,1903,Theodore Roosevelt
880,that,IN,that,1903,Theodore Roosevelt
881,bunau,NNP,Bunau,1903,Theodore Roosevelt
882,varilla,NNP,Varilla,1903,Theodore Roosevelt
883,is,VBZ,be,1903,Theodore Roosevelt
884,the,DT,the,1903,Theodore Roosevelt
885,authorized,JJ,authorized,1903,Theodore Roosevelt
886,party,NN,party,1903,Theodore Roosevelt
887,to,TO,to,1903,Theodore Roosevelt
888,make,VB,make,1903,Theodore Roosevelt
889,treaties,NNS,treaty,1903,Theodore Roosevelt
890,boyd,NNP,Boyd,1903,Theodore Roosevelt
891,and,CC,and,1903,Theodore Roosevelt
892,amador,NNP,Amador,1903,Theodore Roosevelt
893,have,VBP,have,1903,Theodore Roosevelt
894,other,JJ,other,1903,Theodore Roosevelt
895,missions,NNS,mission,1903,Theodore Roosevelt
896,and,CC,and,1903,Theodore Roosevelt
897,to,TO,to,1903,Theodore Roosevelt
898,assist,VB,assist,1903,Theodore Roosevelt
899,their,PRP$,their,1903,Theodore Roosevelt
900,minister,NN,minister,1903,Theodore Roosevelt
901,ehrman,NNP,EHRMAN,1903,Theodore Roosevelt
902,correspondence,NN,CORRESPONDENCE,1903,Theodore Roosevelt
903,between,NNP,BETWEEN,1903,Theodore Roosevelt
904,the,NNP,THE,1903,Theodore Roosevelt
905,department,NNP,DEPARTMENT,1903,Theodore Roosevelt
906,of,NNP,OF,1903,Theodore Roosevelt
907,state,NNP,STATE,1903,Theodore Roosevelt
908,and,NNP,AND,1903,Theodore Roosevelt
909,the,NNP,THE,1903,Theodore Roosevelt
910,united,NNP,UNITED,1903,Theodore Roosevelt
911,states,NNPS,STATES,1903,Theodore Roosevelt
912,consulate,NNP,CONSULATE,1903,Theodore Roosevelt
913,at,NNP,AT,1903,Theodore Roosevelt
914,colon,NNP,COLON,1903,Theodore Roosevelt
915,mr.,NNP,Mr.,1903,Theodore Roosevelt
916,malmros,NNP,Malmros,1903,Theodore Roosevelt
917,to,TO,to,1903,Theodore Roosevelt
918,mr.,NNP,Mr.,1903,Theodore Roosevelt
919,hay,NNP,Hay,1903,Theodore Roosevelt
920,telegram,NN,TELEGRAM,1903,Theodore Roosevelt
921,colon,NN,COLON,1903,Theodore Roosevelt
922,november,NNP,November,1903,Theodore Roosevelt
923,3,CD,3,1903,Theodore Roosevelt
924,1903,CD,1903,1903,Theodore Roosevelt
925,received,VBD,Received,1903,Theodore Roosevelt
926,2:35,CD,2:35,1903,Theodore Roosevelt
927,p.m,RB,p.m,1903,Theodore Roosevelt
928,revolution,NNP,Revolution,1903,Theodore Roosevelt
929,imminent,NN,imminent,1903,Theodore Roosevelt
930,government,NNP,Government,1903,Theodore Roosevelt
931,force,NN,force,1903,Theodore Roosevelt
932,on,IN,on,1903,Theodore Roosevelt
933,the,DT,the,1903,Theodore Roosevelt
934,isthmus,NNP,Isthmus,1903,Theodore Roosevelt
935,about,IN,about,1903,Theodore Roosevelt
936,500,CD,500,1903,Theodore Roosevelt
937,men,NNS,men,1903,Theodore Roosevelt
938,their,PRP$,Their,1903,Theodore Roosevelt
939,official,NN,official,1903,Theodore Roosevelt
940,promised,VBD,promise,1903,Theodore Roosevelt
941,support,NN,support,1903,Theodore Roosevelt
942,revolution,NN,revolution,1903,Theodore Roosevelt
943,fire,NNP,Fire,1903,Theodore Roosevelt
944,department,NN,department,1903,Theodore Roosevelt
945,panama,NNP,Panama,1903,Theodore Roosevelt
946,441,CD,441,1903,Theodore Roosevelt
947,are,VBP,be,1903,Theodore Roosevelt
948,well,RB,well,1903,Theodore Roosevelt
949,organized,VBN,organize,1903,Theodore Roosevelt
950,and,CC,and,1903,Theodore Roosevelt
951,favor,JJ,favor,1903,Theodore Roosevelt
952,revolution,NN,revolution,1903,Theodore Roosevelt
953,government,NNP,Government,1903,Theodore Roosevelt
954,vessel,NN,vessel,1903,Theodore Roosevelt
955,cartagena,NNP,Cartagena,1903,Theodore Roosevelt
956,with,IN,with,1903,Theodore Roosevelt
957,about,IN,about,1903,Theodore Roosevelt
958,400,CD,400,1903,Theodore Roosevelt
959,men,NNS,men,1903,Theodore Roosevelt
960,arrived,VBD,arrive,1903,Theodore Roosevelt
961,early,JJ,early,1903,Theodore Roosevelt
962,to-day,NN,to-day,1903,Theodore Roosevelt
963,with,IN,with,1903,Theodore Roosevelt
964,new,JJ,new,1903,Theodore Roosevelt
965,commander,NN,commander,1903,Theodore Roosevelt
966,in,IN,in,1903,Theodore Roosevelt
967,chief,NN,chief,1903,Theodore Roosevelt
968,tobar,NNP,Tobar,1903,Theodore Roosevelt
969,was,NNP,Was,1903,Theodore Roosevelt
970,not,RB,not,1903,Theodore Roosevelt
971,expected,VBD,expect,1903,Theodore Roosevelt
972,until,IN,until,1903,Theodore Roosevelt
973,november,NNP,November,1903,Theodore Roosevelt
974,10,CD,10,1903,Theodore Roosevelt
975,tobar,NN,Tobar,1903,Theodore Roosevelt
976,'s,POS,'s,1903,Theodore Roosevelt
977,arrival,NN,arrival,1903,Theodore Roosevelt
978,is,VBZ,be,1903,Theodore Roosevelt
979,not,RB,not,1903,Theodore Roosevelt
980,probable,JJ,probable,1903,Theodore Roosevelt
981,to,TO,to,1903,Theodore Roosevelt
982,stop,VB,stop,1903,Theodore Roosevelt
983,revolution,NN,revolution,1903,Theodore Roosevelt
984,malmros,NN,MALMROS,1903,Theodore Roosevelt
985,mr.,NNP,Mr.,1903,Theodore Roosevelt
986,loomis,NNP,Loomis,1903,Theodore Roosevelt
987,to,TO,to,1903,Theodore Roosevelt
988,mr.,NNP,Mr.,1903,Theodore Roosevelt
989,malmros,NNP,Malmros,1903,Theodore Roosevelt
990,telegram,NN,TELEGRAM,1903,Theodore Roosevelt
991,department,NNP,DEPARTMENT,1903,Theodore Roosevelt
992,of,NNP,OF,1903,Theodore Roosevelt
993,state,NNP,STATE,1903,Theodore Roosevelt
994,washington,NNP,Washington,1903,Theodore Roosevelt
995,november,NNP,November,1903,Theodore Roosevelt
996,3,CD,3,1903,Theodore Roosevelt
997,1903,CD,1903,1903,Theodore Roosevelt
998,sent,VBD,Sent,1903,Theodore Roosevelt
999,4,CD,4,1903,Theodore Roosevelt
1000,p.m,NN,p.m,1903,Theodore Roosevelt
1001,are,NNP,Are,1903,Theodore Roosevelt
1002,troops,VBZ,troop,1903,Theodore Roosevelt
1003,from,IN,from,1903,Theodore Roosevelt
1004,the,DT,the,1903,Theodore Roosevelt
1005,vessel,NN,vessel,1903,Theodore Roosevelt
1006,cartagena,NNP,Cartagena,1903,Theodore Roosevelt
1007,disembarking,NN,disembarking,1903,Theodore Roosevelt
1008,or,CC,or,1903,Theodore Roosevelt
1009,preparing,NN,preparing,1903,Theodore Roosevelt
1010,to,TO,to,1903,Theodore Roosevelt
1011,land,VB,land,1903,Theodore Roosevelt
1012,loomis,NNP,LOOMIS,1903,Theodore Roosevelt
1013,mr.,NNP,Mr.,1903,Theodore Roosevelt
1014,loomis,NNP,Loomis,1903,Theodore Roosevelt
1015,to,TO,to,1903,Theodore Roosevelt
1016,mr.,NNP,Mr.,1903,Theodore Roosevelt
1017,malmros,NNP,Malmros,1903,Theodore Roosevelt
1018,telegram,NN,TELEGRAM,1903,Theodore Roosevelt
1019,department,NNP,DEPARTMENT,1903,Theodore Roosevelt
1020,of,NNP,OF,1903,Theodore Roosevelt
1021,state,NNP,STATE,1903,Theodore Roosevelt
1022,washington,NNP,Washington,1903,Theodore Roosevelt
1023,november,NNP,November,1903,Theodore Roosevelt
1024,3,CD,3,1903,Theodore Roosevelt
1025,1903,CD,1903,1903,Theodore Roosevelt
1026,sent,VBD,Sent,1903,Theodore Roosevelt
1027,4:28,CD,4:28,1903,Theodore Roosevelt
1028,p.m,NN,p.m,1903,Theodore Roosevelt
1029,did,NNP,Did,1903,Theodore Roosevelt
1030,you,PRP,you,1903,Theodore Roosevelt
1031,receive,VBP,receive,1903,Theodore Roosevelt
1032,and,CC,and,1903,Theodore Roosevelt
1033,deliver,VB,deliver,1903,Theodore Roosevelt
1034,to,TO,to,1903,Theodore Roosevelt
1035,nashville,NNP,Nashville,1903,Theodore Roosevelt
1036,last,JJ,last,1903,Theodore Roosevelt
1037,night,NN,night,1903,Theodore Roosevelt
1038,or,CC,or,1903,Theodore Roosevelt
1039,early,RB,early,1903,Theodore Roosevelt
1040,this,DT,this,1903,Theodore Roosevelt
1041,morning,NN,morning,1903,Theodore Roosevelt
1042,a,DT,a,1903,Theodore Roosevelt
1043,message,NN,message,1903,Theodore Roosevelt
1044,loomis,NNP,LOOMIS,1903,Theodore Roosevelt
1045,acting,NNP,Acting,1903,Theodore Roosevelt
1046,mr.,NNP,Mr.,1903,Theodore Roosevelt
1047,malmros,NNP,Malmros,1903,Theodore Roosevelt
1048,to,TO,to,1903,Theodore Roosevelt
1049,mr.,NNP,Mr.,1903,Theodore Roosevelt
1050,hay,NNP,Hay,1903,Theodore Roosevelt
1051,telegram,NN,TELEGRAM,1903,Theodore Roosevelt
1052,colon,NN,COLON,1903,Theodore Roosevelt
1053,november,NNP,November,1903,Theodore Roosevelt
1054,3,CD,3,1903,Theodore Roosevelt
1055,1903,CD,1903,1903,Theodore Roosevelt
1056,received,VBD,Received,1903,Theodore Roosevelt
1057,8:20,CD,8:20,1903,Theodore Roosevelt
1058,p.m,RB,p.m,1903,Theodore Roosevelt
1059,troops,NNS,Troops,1903,Theodore Roosevelt
1060,from,IN,from,1903,Theodore Roosevelt
1061,vessel,NN,vessel,1903,Theodore Roosevelt
1062,cartagena,NNP,Cartagena,1903,Theodore Roosevelt
1063,have,VBP,have,1903,Theodore Roosevelt
1064,disembarked,VBN,disembark,1903,Theodore Roosevelt
1065,are,VBP,be,1903,Theodore Roosevelt
1066,encamping,VBG,encamp,1903,Theodore Roosevelt
1067,on,IN,on,1903,Theodore Roosevelt
1068,pacific,NNP,Pacific,1903,Theodore Roosevelt
1069,dock,NN,dock,1903,Theodore Roosevelt
1070,awaiting,VBG,await,1903,Theodore Roosevelt
1071,orders,NNS,order,1903,Theodore Roosevelt
1072,to,TO,to,1903,Theodore Roosevelt
1073,proceed,VB,proceed,1903,Theodore Roosevelt
1074,to,TO,to,1903,Theodore Roosevelt
1075,panama,NNP,Panama,1903,Theodore Roosevelt
1076,from,IN,from,1903,Theodore Roosevelt
1077,commander,NN,commander,1903,Theodore Roosevelt
1078,in,IN,in,1903,Theodore Roosevelt
1079,chief,NN,chief,1903,Theodore Roosevelt
1080,who,WP,who,1903,Theodore Roosevelt
1081,went,VBD,go,1903,Theodore Roosevelt
1082,there,EX,there,1903,Theodore Roosevelt
1083,this,DT,this,1903,Theodore Roosevelt
1084,morning,NN,morning,1903,Theodore Roosevelt
1085,no,DT,No,1903,Theodore Roosevelt
1086,message,NN,message,1903,Theodore Roosevelt
1087,for,IN,for,1903,Theodore Roosevelt
1088,nashville,NNP,Nashville,1903,Theodore Roosevelt
1089,received,VBD,receive,1903,Theodore Roosevelt
1090,malmros,NNP,MALMROS,1903,Theodore Roosevelt
1091,mr.,NNP,Mr.,1903,Theodore Roosevelt
1092,loomis,NNP,Loomis,1903,Theodore Roosevelt
1093,to,TO,to,1903,Theodore Roosevelt
1094,mr.,NNP,Mr.,1903,Theodore Roosevelt
1095,malmros,NNP,Malmros,1903,Theodore Roosevelt
1096,telegram,NN,TELEGRAM,1903,Theodore Roosevelt
1097,department,NNP,DEPARTMENT,1903,Theodore Roosevelt
1098,of,NNP,OF,1903,Theodore Roosevelt
1099,state,NNP,STATE,1903,Theodore Roosevelt
1100,washington,NNP,Washington,1903,Theodore Roosevelt
1101,november,NNP,November,1903,Theodore Roosevelt
1102,3,CD,3,1903,Theodore Roosevelt
1103,1903,CD,1903,1903,Theodore Roosevelt
1104,sent,VBD,Sent,1903,Theodore Roosevelt
1105,8:45,CD,8:45,1903,Theodore Roosevelt
1106,p.m,NN,p.m,1903,Theodore Roosevelt
1107,the,DT,The,1903,Theodore Roosevelt
1108,troops,NNS,troop,1903,Theodore Roosevelt
1109,which,WDT,which,1903,Theodore Roosevelt
1110,landed,VBD,land,1903,Theodore Roosevelt
1111,from,IN,from,1903,Theodore Roosevelt
1112,the,DT,the,1903,Theodore Roosevelt
1113,cartagena,NNP,Cartagena,1903,Theodore Roosevelt
1114,should,MD,should,1903,Theodore Roosevelt
1115,not,RB,not,1903,Theodore Roosevelt
1116,proceed,VB,proceed,1903,Theodore Roosevelt
1117,to,TO,to,1903,Theodore Roosevelt
1118,panama,NNP,Panama,1903,Theodore Roosevelt
1119,loomis,NNP,LOOMIS,1903,Theodore Roosevelt
1120,acting,NNP,Acting,1903,Theodore Roosevelt
1121,mr.,NNP,Mr.,1903,Theodore Roosevelt
1122,loomis,NNP,Loomis,1903,Theodore Roosevelt
1123,to,TO,to,1903,Theodore Roosevelt
1124,mr.,NNP,Mr.,1903,Theodore Roosevelt
1125,malmros,NNP,Malmros,1903,Theodore Roosevelt
1126,telegram,NN,TELEGRAM,1903,Theodore Roosevelt
1127,department,NNP,DEPARTMENT,1903,Theodore Roosevelt
1128,of,NNP,OF,1903,Theodore Roosevelt
1129,state,NNP,STATE,1903,Theodore Roosevelt
1130,washington,NNP,Washington,1903,Theodore Roosevelt
1131,november,NNP,November,1903,Theodore Roosevelt
1132,3,CD,3,1903,Theodore Roosevelt
1133,1903,CD,1903,1903,Theodore Roosevelt
1134,sent,VBD,Sent,1903,Theodore Roosevelt
1135,10:10,CD,10:10,1903,Theodore Roosevelt
1136,p.m,NN,p.m,1903,Theodore Roosevelt
1137,an,DT,An,1903,Theodore Roosevelt
1138,important,JJ,important,1903,Theodore Roosevelt
1139,message,NN,message,1903,Theodore Roosevelt
1140,was,VBD,be,1903,Theodore Roosevelt
1141,sent,VBN,send,1903,Theodore Roosevelt
1142,at,IN,at,1903,Theodore Roosevelt
1143,6,CD,6,1903,Theodore Roosevelt
1144,monday,NNP,Monday,1903,Theodore Roosevelt
1145,night,NN,night,1903,Theodore Roosevelt
1146,in,IN,in,1903,Theodore Roosevelt
1147,your,PRP$,your,1903,Theodore Roosevelt
1148,care,NN,care,1903,Theodore Roosevelt
1149,for,IN,for,1903,Theodore Roosevelt
1150,the,DT,the,1903,Theodore Roosevelt
1151,nashville,NNP,Nashville,1903,Theodore Roosevelt
1152,make,NNP,Make,1903,Theodore Roosevelt
1153,all,DT,all,1903,Theodore Roosevelt
1154,possible,JJ,possible,1903,Theodore Roosevelt
1155,effort,NN,effort,1903,Theodore Roosevelt
1156,to,TO,to,1903,Theodore Roosevelt
1157,get,VB,get,1903,Theodore Roosevelt
1158,it,PRP,it,1903,Theodore Roosevelt
1159,loomis,NNP,LOOMIS,1903,Theodore Roosevelt
1160,mr.,NNP,Mr.,1903,Theodore Roosevelt
1161,hay,NNP,Hay,1903,Theodore Roosevelt
1162,to,TO,to,1903,Theodore Roosevelt
1163,mr.,NNP,Mr.,1903,Theodore Roosevelt
1164,malmros,NNP,Malmros,1903,Theodore Roosevelt
1165,telegram,NN,TELEGRAM,1903,Theodore Roosevelt
1166,department,NNP,DEPARTMENT,1903,Theodore Roosevelt
1167,of,NNP,OF,1903,Theodore Roosevelt
1168,state,NNP,STATE,1903,Theodore Roosevelt
1169,washington,NNP,Washington,1903,Theodore Roosevelt
1170,november,NNP,November,1903,Theodore Roosevelt
1171,3,CD,3,1903,Theodore Roosevelt
1172,1903,CD,1903,1903,Theodore Roosevelt
1173,sent,VBD,Sent,1903,Theodore Roosevelt
1174,10:30,CD,10:30,1903,Theodore Roosevelt
1175,p.m,NN,p.m,1903,Theodore Roosevelt
1176,if,IN,If,1903,Theodore Roosevelt
1177,dispatch,NN,dispatch,1903,Theodore Roosevelt
1178,to,TO,to,1903,Theodore Roosevelt
1179,nashville,NNP,Nashville,1903,Theodore Roosevelt
1180,has,VBZ,have,1903,Theodore Roosevelt
1181,not,RB,not,1903,Theodore Roosevelt
1182,been,VBN,be,1903,Theodore Roosevelt
1183,delivered,VBN,deliver,1903,Theodore Roosevelt
1184,inform,IN,inform,1903,Theodore Roosevelt
1185,her,PRP$,her,1903,Theodore Roosevelt
1186,captain,NN,captain,1903,Theodore Roosevelt
1187,immediately,RB,immediately,1903,Theodore Roosevelt
1188,that,IN,that,1903,Theodore Roosevelt
1189,she,PRP,she,1903,Theodore Roosevelt
1190,must,MD,must,1903,Theodore Roosevelt
1191,prevent,VB,prevent,1903,Theodore Roosevelt
1192,government,NNP,Government,1903,Theodore Roosevelt
1193,troops,NNS,troop,1903,Theodore Roosevelt
1194,departing,VBG,depart,1903,Theodore Roosevelt
1195,for,IN,for,1903,Theodore Roosevelt
1196,panama,NNP,Panama,1903,Theodore Roosevelt
1197,or,CC,or,1903,Theodore Roosevelt
1198,taking,VBG,take,1903,Theodore Roosevelt
1199,any,DT,any,1903,Theodore Roosevelt
1200,action,NN,action,1903,Theodore Roosevelt
1201,which,WDT,which,1903,Theodore Roosevelt
1202,would,MD,would,1903,Theodore Roosevelt
1203,lead,VB,lead,1903,Theodore Roosevelt
1204,to,TO,to,1903,Theodore Roosevelt
1205,bloodshed,VB,bloodshed,1903,Theodore Roosevelt
1206,and,CC,and,1903,Theodore Roosevelt
1207,must,MD,must,1903,Theodore Roosevelt
1208,use,VB,use,1903,Theodore Roosevelt
1209,every,DT,every,1903,Theodore Roosevelt
1210,endeavor,NN,endeavor,1903,Theodore Roosevelt
1211,to,TO,to,1903,Theodore Roosevelt
1212,preserve,VB,preserve,1903,Theodore Roosevelt
1213,order,NN,order,1903,Theodore Roosevelt
1214,on,IN,on,1903,Theodore Roosevelt
1215,isthmus,NNP,Isthmus,1903,Theodore Roosevelt
1216,hay,NNP,HAY,1903,Theodore Roosevelt
1217,mr.,NNP,Mr.,1903,Theodore Roosevelt
1218,malmros,NNP,Malmros,1903,Theodore Roosevelt
1219,to,TO,to,1903,Theodore Roosevelt
1220,mr.,NNP,Mr.,1903,Theodore Roosevelt
1221,hay,NNP,Hay,1903,Theodore Roosevelt
1222,telegram,NN,TELEGRAM,1903,Theodore Roosevelt
1223,colon,NN,COLON,1903,Theodore Roosevelt
1224,november,NNP,November,1903,Theodore Roosevelt
1225,4,CD,4,1903,Theodore Roosevelt
1226,1903,CD,1903,1903,Theodore Roosevelt
1227,received,VBD,Received,1903,Theodore Roosevelt
1228,3:35,CD,3:35,1903,Theodore Roosevelt
1229,p.m,RB,p.m,1903,Theodore Roosevelt
1230,met,NNP,Met,1903,Theodore Roosevelt
1231,captain,NN,captain,1903,Theodore Roosevelt
1232,of,IN,of,1903,Theodore Roosevelt
1233,nashville,NNP,Nashville,1903,Theodore Roosevelt
1234,at,IN,at,1903,Theodore Roosevelt
1235,6,CD,6,1903,Theodore Roosevelt
1236,p.m.,NN,p.m.,1903,Theodore Roosevelt
1237,yesterday,NN,yesterday,1903,Theodore Roosevelt
1238,heard,NNP,Heard,1903,Theodore Roosevelt
1239,that,IN,that,1903,Theodore Roosevelt
1240,message,NN,message,1903,Theodore Roosevelt
1241,had,VBD,have,1903,Theodore Roosevelt
1242,been,VBN,be,1903,Theodore Roosevelt
1243,delivered,VBN,deliver,1903,Theodore Roosevelt
1244,to,TO,to,1903,Theodore Roosevelt
1245,captain,VB,captain,1903,Theodore Roosevelt
1246,boat,JJ,boat,1903,Theodore Roosevelt
1247,alongside,NN,alongside,1903,Theodore Roosevelt
1248,of,IN,of,1903,Theodore Roosevelt
1249,wharf,JJ,wharf,1903,Theodore Roosevelt
1250,instead,RB,instead,1903,Theodore Roosevelt
1251,of,IN,of,1903,Theodore Roosevelt
1252,to,TO,to,1903,Theodore Roosevelt
1253,me,PRP,me,1903,Theodore Roosevelt
1254,no,DT,No,1903,Theodore Roosevelt
1255,rebels,NNS,rebel,1903,Theodore Roosevelt
1256,or,CC,or,1903,Theodore Roosevelt
1257,invading,VBG,invade,1903,Theodore Roosevelt
1258,force,NN,force,1903,Theodore Roosevelt
1259,near,IN,near,1903,Theodore Roosevelt
1260,panama,NNP,Panama,1903,Theodore Roosevelt
1261,or,CC,or,1903,Theodore Roosevelt
1262,colon,NNP,Colon,1903,Theodore Roosevelt
1263,or,CC,or,1903,Theodore Roosevelt
1264,line,NN,line,1903,Theodore Roosevelt
1265,of,IN,of,1903,Theodore Roosevelt
1266,transit,NN,transit,1903,Theodore Roosevelt
1267,panama,NNP,Panama,1903,Theodore Roosevelt
1268,intended,VBD,intend,1903,Theodore Roosevelt
1269,revolutionary,JJ,revolutionary,1903,Theodore Roosevelt
1270,movement,NN,movement,1903,Theodore Roosevelt
1271,known,VBN,know,1903,Theodore Roosevelt
1272,here,RB,here,1903,Theodore Roosevelt
1273,to,TO,to,1903,Theodore Roosevelt
1274,few,JJ,few,1903,Theodore Roosevelt
1275,persons,NNS,person,1903,Theodore Roosevelt
1276,only,RB,only,1903,Theodore Roosevelt
1277,up,RB,up,1903,Theodore Roosevelt
1278,to,TO,to,1903,Theodore Roosevelt
1279,8,CD,8,1903,Theodore Roosevelt
1280,a.,NN,a.,1903,Theodore Roosevelt
1281,m.,RBS,m.,1903,Theodore Roosevelt
1282,to-day,JJ,to-day,1903,Theodore Roosevelt
1283,revolutionary,JJ,Revolutionary,1903,Theodore Roosevelt
1284,committee,NN,committee,1903,Theodore Roosevelt
1285,of,IN,of,1903,Theodore Roosevelt
1286,six,CD,six,1903,Theodore Roosevelt
1287,in,IN,in,1903,Theodore Roosevelt
1288,panama,NNP,Panama,1903,Theodore Roosevelt
1289,at,IN,at,1903,Theodore Roosevelt
1290,6,CD,6,1903,Theodore Roosevelt
1291,p.m.,NN,p.m.,1903,Theodore Roosevelt
1292,took,VBD,take,1903,Theodore Roosevelt
1293,charge,NN,charge,1903,Theodore Roosevelt
1294,of,IN,of,1903,Theodore Roosevelt
1295,revolutionary,JJ,revolutionary,1903,Theodore Roosevelt
1296,movement,NN,movement,1903,Theodore Roosevelt
1297,general,NNP,General,1903,Theodore Roosevelt
1298,tobar,NNP,Tobar,1903,Theodore Roosevelt
1299,and,CC,and,1903,Theodore Roosevelt
1300,five,CD,five,1903,Theodore Roosevelt
1301,officers,NNS,officer,1903,Theodore Roosevelt
1302,taken,VBN,take,1903,Theodore Roosevelt
1303,prisoners,NNS,prisoner,1903,Theodore Roosevelt
1304,panama,NNP,Panama,1903,Theodore Roosevelt
1305,in,IN,in,1903,Theodore Roosevelt
1306,possession,NN,possession,1903,Theodore Roosevelt
1307,of,IN,of,1903,Theodore Roosevelt
1308,committee,NN,committee,1903,Theodore Roosevelt
1309,with,IN,with,1903,Theodore Roosevelt
1310,consent,NN,consent,1903,Theodore Roosevelt
1311,of,IN,of,1903,Theodore Roosevelt
1312,entire,JJ,entire,1903,Theodore Roosevelt
1313,population,NN,population,1903,Theodore Roosevelt
1314,this,DT,This,1903,Theodore Roosevelt
1315,fact,NN,fact,1903,Theodore Roosevelt
1316,appears,VBZ,appear,1903,Theodore Roosevelt
1317,not,RB,not,1903,Theodore Roosevelt
1318,known,VBN,know,1903,Theodore Roosevelt
1319,as,IN,as,1903,Theodore Roosevelt
1320,yet,RB,yet,1903,Theodore Roosevelt
1321,to,TO,to,1903,Theodore Roosevelt
1322,conservatives,NNS,conservative,1903,Theodore Roosevelt
1323,in,IN,in,1903,Theodore Roosevelt
1324,colon,NNP,Colon,1903,Theodore Roosevelt
1325,panama,NNP,Panama,1903,Theodore Roosevelt
1326,committee,NN,committee,1903,Theodore Roosevelt
1327,expect,VBP,expect,1903,Theodore Roosevelt
1328,to,TO,to,1903,Theodore Roosevelt
1329,have,VB,have,1903,Theodore Roosevelt
1330,"1,500",CD,"1,500",1903,Theodore Roosevelt
1331,men,NNS,men,1903,Theodore Roosevelt
1332,armed,VBN,arm,1903,Theodore Roosevelt
1333,by,IN,by,1903,Theodore Roosevelt
1334,this,DT,this,1903,Theodore Roosevelt
1335,time,NN,time,1903,Theodore Roosevelt
1336,state,NNP,State,1903,Theodore Roosevelt
1337,of,IN,of,1903,Theodore Roosevelt
1338,affairs,NNS,affair,1903,Theodore Roosevelt
1339,at,IN,at,1903,Theodore Roosevelt
1340,panama,NNP,Panama,1903,Theodore Roosevelt
1341,not,RB,not,1903,Theodore Roosevelt
1342,known,VBN,know,1903,Theodore Roosevelt
1343,by,IN,by,1903,Theodore Roosevelt
1344,colombian,JJ,Colombian,1903,Theodore Roosevelt
1345,force,NN,force,1903,Theodore Roosevelt
1346,at,IN,at,1903,Theodore Roosevelt
1347,colon,NNP,Colon,1903,Theodore Roosevelt
1348,as,IN,as,1903,Theodore Roosevelt
1349,yet,RB,yet,1903,Theodore Roosevelt
1350,official,NN,Official,1903,Theodore Roosevelt
1351,in,IN,in,1903,Theodore Roosevelt
1352,command,NN,command,1903,Theodore Roosevelt
1353,of,IN,of,1903,Theodore Roosevelt
1354,disembarked,JJ,disembarked,1903,Theodore Roosevelt
1355,force,NN,force,1903,Theodore Roosevelt
1356,applied,VBN,apply,1903,Theodore Roosevelt
1357,for,IN,for,1903,Theodore Roosevelt
1358,transportation,NN,transportation,1903,Theodore Roosevelt
1359,this,DT,this,1903,Theodore Roosevelt
1360,morning,NN,morning,1903,Theodore Roosevelt
1361,captain,NNP,Captain,1903,Theodore Roosevelt
1362,meanwhile,RB,meanwhile,1903,Theodore Roosevelt
1363,communicated,VBD,communicate,1903,Theodore Roosevelt
1364,to,TO,to,1903,Theodore Roosevelt
1365,committee,NN,committee,1903,Theodore Roosevelt
1366,about,IN,about,1903,Theodore Roosevelt
1367,10,CD,10,1903,Theodore Roosevelt
1368,p.m.,NN,p.m.,1903,Theodore Roosevelt
1369,last,JJ,last,1903,Theodore Roosevelt
1370,night,NN,night,1903,Theodore Roosevelt
1371,his,PRP$,his,1903,Theodore Roosevelt
1372,refusal,NN,refusal,1903,Theodore Roosevelt
1373,to,TO,to,1903,Theodore Roosevelt
1374,allow,VB,allow,1903,Theodore Roosevelt
1375,train,NN,train,1903,Theodore Roosevelt
1376,with,IN,with,1903,Theodore Roosevelt
1377,force,NN,force,1903,Theodore Roosevelt
1378,to,TO,to,1903,Theodore Roosevelt
1379,be,VB,be,1903,Theodore Roosevelt
1380,sent,VBN,send,1903,Theodore Roosevelt
1381,to,TO,to,1903,Theodore Roosevelt
1382,panama,NNP,Panama,1903,Theodore Roosevelt
1383,and,CC,and,1903,Theodore Roosevelt
1384,the,DT,the,1903,Theodore Roosevelt
1385,committee,NN,committee,1903,Theodore Roosevelt
1386,assented,VBN,assent,1903,Theodore Roosevelt
1387,this,DT,This,1903,Theodore Roosevelt
1388,leaves,VBZ,leave,1903,Theodore Roosevelt
1389,colon,NNP,Colon,1903,Theodore Roosevelt
1390,in,IN,in,1903,Theodore Roosevelt
1391,the,DT,the,1903,Theodore Roosevelt
1392,possession,NN,possession,1903,Theodore Roosevelt
1393,of,IN,of,1903,Theodore Roosevelt
1394,the,DT,the,1903,Theodore Roosevelt
1395,government,NNP,Government,1903,Theodore Roosevelt
1396,malmros,NNP,MALMROS,1903,Theodore Roosevelt
1397,mr.,NNP,Mr.,1903,Theodore Roosevelt
1398,malmros,NNP,Malmros,1903,Theodore Roosevelt
1399,to,TO,to,1903,Theodore Roosevelt
1400,mr.,NNP,Mr.,1903,Theodore Roosevelt
1401,hay,NNP,Hay,1903,Theodore Roosevelt
1402,telegram,NN,TELEGRAM,1903,Theodore Roosevelt
1403,colon,NN,COLON,1903,Theodore Roosevelt
1404,november,NNP,November,1903,Theodore Roosevelt
1405,5,CD,5,1903,Theodore Roosevelt
1406,1903,CD,1903,1903,Theodore Roosevelt
1407,received,VBD,Received,1903,Theodore Roosevelt
1408,11:50,CD,11:50,1903,Theodore Roosevelt
1409,a.,NN,a.,1903,Theodore Roosevelt
1410,m,NN,m,1903,Theodore Roosevelt
1411,on,IN,On,1903,Theodore Roosevelt
1412,arrival,NN,arrival,1903,Theodore Roosevelt
1413,yesterday,NN,yesterday,1903,Theodore Roosevelt
1414,morning,NN,morning,1903,Theodore Roosevelt
1415,'s,POS,'s,1903,Theodore Roosevelt
1416,train,NN,train,1903,Theodore Roosevelt
1417,panama,NNP,Panama,1903,Theodore Roosevelt
1418,revolution,NN,revolution,1903,Theodore Roosevelt
1419,and,CC,and,1903,Theodore Roosevelt
1420,tobar,NNP,Tobar,1903,Theodore Roosevelt
1421,'s,POS,'s,1903,Theodore Roosevelt
1422,imprisonment,NN,imprisonment,1903,Theodore Roosevelt
1423,became,VBD,become,1903,Theodore Roosevelt
1424,generally,RB,generally,1903,Theodore Roosevelt
1425,known,VBN,know,1903,Theodore Roosevelt
1426,12:30,CD,12:30,1903,Theodore Roosevelt
1427,commander,NN,commander,1903,Theodore Roosevelt
1428,colombian,JJ,Colombian,1903,Theodore Roosevelt
1429,troops,VBZ,troop,1903,Theodore Roosevelt
1430,threatens,NNS,threatens,1903,Theodore Roosevelt
1431,to,TO,to,1903,Theodore Roosevelt
1432,kill,VB,kill,1903,Theodore Roosevelt
1433,every,DT,every,1903,Theodore Roosevelt
1434,american,JJ,American,1903,Theodore Roosevelt
1435,unless,IN,unless,1903,Theodore Roosevelt
1436,tobar,NNP,Tobar,1903,Theodore Roosevelt
1437,released,VBN,release,1903,Theodore Roosevelt
1438,by,IN,by,1903,Theodore Roosevelt
1439,2,CD,2,1903,Theodore Roosevelt
1440,p.m,NN,p.m,1903,Theodore Roosevelt
1441,provisional,JJ,Provisional,1903,Theodore Roosevelt
1442,government,NNP,Government,1903,Theodore Roosevelt
1443,informed,VBD,inform,1903,Theodore Roosevelt
1444,these,DT,these,1903,Theodore Roosevelt
1445,facts,NNS,fact,1903,Theodore Roosevelt
1446,nashville,NNP,Nashville,1903,Theodore Roosevelt
1447,landed,VBD,land,1903,Theodore Roosevelt
1448,50,CD,50,1903,Theodore Roosevelt
1449,men,NNS,men,1903,Theodore Roosevelt
1450,stationed,VBN,station,1903,Theodore Roosevelt
1451,in,IN,in,1903,Theodore Roosevelt
1452,and,CC,and,1903,Theodore Roosevelt
1453,near,IN,near,1903,Theodore Roosevelt
1454,railroad,NN,railroad,1903,Theodore Roosevelt
1455,office,NN,office,1903,Theodore Roosevelt
1456,where,WRB,where,1903,Theodore Roosevelt
1457,americans,NNPS,Americans,1903,Theodore Roosevelt
1458,armed,VBN,arm,1903,Theodore Roosevelt
1459,met,VBD,meet,1903,Theodore Roosevelt
1460,negotiations,NNP,Negotiations,1903,Theodore Roosevelt
1461,colombian,JJ,Colombian,1903,Theodore Roosevelt
1462,commander,NN,commander,1903,Theodore Roosevelt
1463,and,CC,and,1903,Theodore Roosevelt
1464,panama,NNP,Panama,1903,Theodore Roosevelt
1465,government,NNP,Government,1903,Theodore Roosevelt
1466,commenced,VBD,commence,1903,Theodore Roosevelt
1467,and,CC,and,1903,Theodore Roosevelt
1468,progressing,VBG,progress,1903,Theodore Roosevelt
1469,hostilities,NNS,Hostilities,1903,Theodore Roosevelt
1470,suspended,VBD,suspend,1903,Theodore Roosevelt
1471,colombians,NNPS,Colombians,1903,Theodore Roosevelt
1472,occupy,JJ,occupy,1903,Theodore Roosevelt
1473,colon,NNP,Colon,1903,Theodore Roosevelt
1474,and,CC,and,1903,Theodore Roosevelt
1475,monkey,NNP,Monkey,1903,Theodore Roosevelt
1476,hill,NNP,Hill,1903,Theodore Roosevelt
1477,malmros,NNP,MALMROS,1903,Theodore Roosevelt
1478,mr.,NNP,Mr.,1903,Theodore Roosevelt
1479,loomis,NNP,Loomis,1903,Theodore Roosevelt
1480,to,TO,to,1903,Theodore Roosevelt
1481,mr.,NNP,Mr.,1903,Theodore Roosevelt
1482,malmros,NNP,Malmros,1903,Theodore Roosevelt
1483,telegram,NN,TELEGRAM,1903,Theodore Roosevelt
1484,department,NNP,DEPARTMENT,1903,Theodore Roosevelt
1485,of,NNP,OF,1903,Theodore Roosevelt
1486,state,NNP,STATE,1903,Theodore Roosevelt
1487,washington,NNP,Washington,1903,Theodore Roosevelt
1488,november,NNP,November,1903,Theodore Roosevelt
1489,5,CD,5,1903,Theodore Roosevelt
1490,1903,CD,1903,1903,Theodore Roosevelt
1491,sent,VBD,Sent,1903,Theodore Roosevelt
1492,5:10,CD,5:10,1903,Theodore Roosevelt
1493,p.m,NN,p.m,1903,Theodore Roosevelt
1494,what,WP,What,1903,Theodore Roosevelt
1495,is,VBZ,be,1903,Theodore Roosevelt
1496,the,DT,the,1903,Theodore Roosevelt
1497,situation,NN,situation,1903,Theodore Roosevelt
1498,this,DT,this,1903,Theodore Roosevelt
1499,evening,NN,evening,1903,Theodore Roosevelt
1500,loomis,NNP,LOOMIS,1903,Theodore Roosevelt
1501,acting,NNP,Acting,1903,Theodore Roosevelt
1502,mr.,NNP,Mr.,1903,Theodore Roosevelt
1503,malmros,NNP,Malmros,1903,Theodore Roosevelt
1504,to,TO,to,1903,Theodore Roosevelt
1505,mr.,NNP,Mr.,1903,Theodore Roosevelt
1506,hay,NNP,Hay,1903,Theodore Roosevelt
1507,telegram,NN,TELEGRAM,1903,Theodore Roosevelt
1508,colon,NN,COLON,1903,Theodore Roosevelt
1509,november,NNP,November,1903,Theodore Roosevelt
1510,5,CD,5,1903,Theodore Roosevelt
1511,1903,CD,1903,1903,Theodore Roosevelt
1512,received,VBD,Received,1903,Theodore Roosevelt
1513,9:34,CD,9:34,1903,Theodore Roosevelt
1514,p.m,RB,p.m,1903,Theodore Roosevelt
1515,all,DT,All,1903,Theodore Roosevelt
1516,colombian,JJ,Colombian,1903,Theodore Roosevelt
1517,soldiers,NNS,soldier,1903,Theodore Roosevelt
1518,at,IN,at,1903,Theodore Roosevelt
1519,colon,NNP,Colon,1903,Theodore Roosevelt
1520,now,RB,now,1903,Theodore Roosevelt
1521,7,CD,7,1903,Theodore Roosevelt
1522,p.m.,NN,p.m.,1903,Theodore Roosevelt
1523,going,VBG,go,1903,Theodore Roosevelt
1524,on,IN,on,1903,Theodore Roosevelt
1525,board,NN,board,1903,Theodore Roosevelt
1526,royal,NNP,Royal,1903,Theodore Roosevelt
1527,mail,NNP,Mail,1903,Theodore Roosevelt
1528,steamer,NN,steamer,1903,Theodore Roosevelt
1529,returning,VBG,return,1903,Theodore Roosevelt
1530,to,TO,to,1903,Theodore Roosevelt
1531,cartagena,NNP,Cartagena,1903,Theodore Roosevelt
1532,vessel,NNP,Vessel,1903,Theodore Roosevelt
1533,supposed,VBD,suppose,1903,Theodore Roosevelt
1534,to,TO,to,1903,Theodore Roosevelt
1535,be,VB,be,1903,Theodore Roosevelt
1536,dixie,NNP,Dixie,1903,Theodore Roosevelt
1537,in,IN,in,1903,Theodore Roosevelt
1538,sight,NN,sight,1903,Theodore Roosevelt
1539,malmros,NNP,MALMROS,1903,Theodore Roosevelt
1540,mr.,NNP,Mr.,1903,Theodore Roosevelt
1541,malmros,NNP,Malmros,1903,Theodore Roosevelt
1542,to,TO,to,1903,Theodore Roosevelt
1543,mr.,NNP,Mr.,1903,Theodore Roosevelt
1544,hay,NNP,Hay,1903,Theodore Roosevelt
1545,telegram,NN,TELEGRAM,1903,Theodore Roosevelt
1546,colon,NN,COLON,1903,Theodore Roosevelt
1547,november,NNP,November,1903,Theodore Roosevelt
1548,6,CD,6,1903,Theodore Roosevelt
1549,1903,CD,1903,1903,Theodore Roosevelt
1550,received,VBD,Received,1903,Theodore Roosevelt
1551,4:50,CD,4:50,1903,Theodore Roosevelt
1552,p.m,RB,p.m,1903,Theodore Roosevelt
1553,tranquillity,NNP,Tranquillity,1903,Theodore Roosevelt
1554,absolute,NN,absolute,1903,Theodore Roosevelt
1555,in,IN,in,1903,Theodore Roosevelt
1556,colon,NNP,Colon,1903,Theodore Roosevelt
1557,porfirio,NNP,Porfirio,1903,Theodore Roosevelt
1558,melendez,NNP,Melendez,1903,Theodore Roosevelt
1559,appointed,VBD,appoint,1903,Theodore Roosevelt
1560,governor,NN,governor,1903,Theodore Roosevelt
1561,of,IN,of,1903,Theodore Roosevelt
1562,this,DT,this,1903,Theodore Roosevelt
1563,province,NN,province,1903,Theodore Roosevelt
1564,proclaimed,NNP,Proclaimed,1903,Theodore Roosevelt
1565,republic,NNP,Republic,1903,Theodore Roosevelt
1566,of,IN,of,1903,Theodore Roosevelt
1567,panama,NNP,Panama,1903,Theodore Roosevelt
1568,at,IN,at,1903,Theodore Roosevelt
1569,colon,NNP,Colon,1903,Theodore Roosevelt
1570,prefectura,NN,prefectura,1903,Theodore Roosevelt
1571,at,IN,at,1903,Theodore Roosevelt
1572,10,CD,10,1903,Theodore Roosevelt
1573,o'clock,NN,o'clock,1903,Theodore Roosevelt
1574,a.,NN,a.,1903,Theodore Roosevelt
1575,m.,FW,m.,1903,Theodore Roosevelt
1576,english,NNP,English,1903,Theodore Roosevelt
1577,and,CC,and,1903,Theodore Roosevelt
1578,french,JJ,French,1903,Theodore Roosevelt
1579,consuls,NN,consul,1903,Theodore Roosevelt
1580,present,NN,present,1903,Theodore Roosevelt
1581,i,PRP,I,1903,Theodore Roosevelt
1582,arrived,VBD,arrive,1903,Theodore Roosevelt
1583,after,IN,after,1903,Theodore Roosevelt
1584,proclamation,NN,proclamation,1903,Theodore Roosevelt
1585,and,CC,and,1903,Theodore Roosevelt
1586,upon,IN,upon,1903,Theodore Roosevelt
1587,my,PRP$,my,1903,Theodore Roosevelt
1588,suggestion,NN,suggestion,1903,Theodore Roosevelt
1589,i,PRP,I,1903,Theodore Roosevelt
1590,told,VBD,tell,1903,Theodore Roosevelt
1591,governor,NN,governor,1903,Theodore Roosevelt
1592,that,IN,that,1903,Theodore Roosevelt
1593,presence,NN,presence,1903,Theodore Roosevelt
1594,of,IN,of,1903,Theodore Roosevelt
1595,consuls,NNS,consul,1903,Theodore Roosevelt
1596,must,MD,must,1903,Theodore Roosevelt
1597,not,RB,not,1903,Theodore Roosevelt
1598,be,VB,be,1903,Theodore Roosevelt
1599,looked,VBN,look,1903,Theodore Roosevelt
1600,upon,IN,upon,1903,Theodore Roosevelt
1601,recognition,NN,recognition,1903,Theodore Roosevelt
1602,of,IN,of,1903,Theodore Roosevelt
1603,revolutionary,JJ,revolutionary,1903,Theodore Roosevelt
1604,state,NN,state,1903,Theodore Roosevelt
1605,by,IN,by,1903,Theodore Roosevelt
1606,their,PRP$,their,1903,Theodore Roosevelt
1607,respective,JJ,respective,1903,Theodore Roosevelt
1608,governments,NNS,government,1903,Theodore Roosevelt
1609,melendez,NNP,Melendez,1903,Theodore Roosevelt
1610,sent,VBD,send,1903,Theodore Roosevelt
1611,steam,NN,steam,1903,Theodore Roosevelt
1612,launch,NN,launch,1903,Theodore Roosevelt
1613,to,TO,to,1903,Theodore Roosevelt
1614,bocas,NNP,Bocas,1903,Theodore Roosevelt
1615,del,FW,del,1903,Theodore Roosevelt
1616,toro,NNP,Toro,1903,Theodore Roosevelt
1617,to,TO,to,1903,Theodore Roosevelt
1618,proclaim,VB,proclaim,1903,Theodore Roosevelt
1619,independence,NN,independence,1903,Theodore Roosevelt
1620,malmros,NNP,MALMROS,1903,Theodore Roosevelt
1621,communications,NN,COMMUNICATIONS,1903,Theodore Roosevelt
1622,from,IN,FROM,1903,Theodore Roosevelt
1623,the,NNP,THE,1903,Theodore Roosevelt
1624,panama,NNP,PANAMA,1903,Theodore Roosevelt
1625,government,NNP,GOVERNMENT,1903,Theodore Roosevelt
1626,telegram,NNP,TELEGRAM,1903,Theodore Roosevelt
1627,translation,NN,TRANSLATION,1903,Theodore Roosevelt
1628,panama,NNP,PANAMA,1903,Theodore Roosevelt
1629,november,NNP,November,1903,Theodore Roosevelt
1630,4,CD,4,1903,Theodore Roosevelt
1631,1903,CD,1903,1903,Theodore Roosevelt
1632,received,VBD,Received,1903,Theodore Roosevelt
1633,8:45,CD,8:45,1903,Theodore Roosevelt
1634,p.m,RB,p.m,1903,Theodore Roosevelt
1635,secretary,NN,SECRETARY,1903,Theodore Roosevelt
1636,of,NNP,OF,1903,Theodore Roosevelt
1637,state,NNP,STATE,1903,Theodore Roosevelt
1638,washington,NNP,Washington,1903,Theodore Roosevelt
1639,we,PRP,We,1903,Theodore Roosevelt
1640,take,VBP,take,1903,Theodore Roosevelt
1641,the,DT,the,1903,Theodore Roosevelt
1642,liberty,NN,liberty,1903,Theodore Roosevelt
1643,of,IN,of,1903,Theodore Roosevelt
1644,bringing,VBG,bring,1903,Theodore Roosevelt
1645,to,TO,to,1903,Theodore Roosevelt
1646,the,DT,the,1903,Theodore Roosevelt
1647,knowledge,NN,knowledge,1903,Theodore Roosevelt
1648,of,IN,of,1903,Theodore Roosevelt
1649,your,PRP$,your,1903,Theodore Roosevelt
1650,government,NNP,Government,1903,Theodore Roosevelt
1651,that,IN,that,1903,Theodore Roosevelt
1652,on,IN,on,1903,Theodore Roosevelt
1653,yesterday,NN,yesterday,1903,Theodore Roosevelt
1654,afternoon,NN,afternoon,1903,Theodore Roosevelt
1655,in,IN,in,1903,Theodore Roosevelt
1656,consequence,NN,consequence,1903,Theodore Roosevelt
1657,of,IN,of,1903,Theodore Roosevelt
1658,a,DT,a,1903,Theodore Roosevelt
1659,popular,JJ,popular,1903,Theodore Roosevelt
1660,and,CC,and,1903,Theodore Roosevelt
1661,spontaneous,JJ,spontaneous,1903,Theodore Roosevelt
1662,movement,NN,movement,1903,Theodore Roosevelt
1663,of,IN,of,1903,Theodore Roosevelt
1664,the,DT,the,1903,Theodore Roosevelt
1665,people,NNS,people,1903,Theodore Roosevelt
1666,of,IN,of,1903,Theodore Roosevelt
1667,this,DT,this,1903,Theodore Roosevelt
1668,city,NN,city,1903,Theodore Roosevelt
1669,the,DT,the,1903,Theodore Roosevelt
1670,independence,NN,independence,1903,Theodore Roosevelt
1671,of,IN,of,1903,Theodore Roosevelt
1672,the,DT,the,1903,Theodore Roosevelt
1673,isthmus,NNP,Isthmus,1903,Theodore Roosevelt
1674,was,VBD,be,1903,Theodore Roosevelt
1675,proclaimed,VBN,proclaim,1903,Theodore Roosevelt
1676,and,CC,and,1903,Theodore Roosevelt
1677,the,DT,the,1903,Theodore Roosevelt
1678,republic,NNP,Republic,1903,Theodore Roosevelt
1679,of,IN,of,1903,Theodore Roosevelt
1680,panama,NNP,Panama,1903,Theodore Roosevelt
1681,being,VBG,be,1903,Theodore Roosevelt
1682,instituted,VBN,institute,1903,Theodore Roosevelt
1683,its,PRP$,its,1903,Theodore Roosevelt
1684,provisional,JJ,provisional,1903,Theodore Roosevelt
1685,government,NN,government,1903,Theodore Roosevelt
1686,organizes,VBZ,organize,1903,Theodore Roosevelt
1687,an,DT,an,1903,Theodore Roosevelt
1688,executive,NN,executive,1903,Theodore Roosevelt
1689,board,NN,board,1903,Theodore Roosevelt
1690,consisting,VBG,consist,1903,Theodore Roosevelt
1691,of,IN,of,1903,Theodore Roosevelt
1692,ourselves,NNS,ourselves,1903,Theodore Roosevelt
1693,who,WP,who,1903,Theodore Roosevelt
1694,are,VBP,be,1903,Theodore Roosevelt
1695,assured,VBN,assure,1903,Theodore Roosevelt
1696,of,IN,of,1903,Theodore Roosevelt
1697,the,DT,the,1903,Theodore Roosevelt
1698,military,JJ,military,1903,Theodore Roosevelt
1699,strength,NN,strength,1903,Theodore Roosevelt
1700,necessary,JJ,necessary,1903,Theodore Roosevelt
1701,to,TO,to,1903,Theodore Roosevelt
1702,carry,VB,carry,1903,Theodore Roosevelt
1703,out,RP,out,1903,Theodore Roosevelt
1704,our,PRP$,our,1903,Theodore Roosevelt
1705,determination,NN,determination,1903,Theodore Roosevelt
1706,jose,NNP,JOSE,1903,Theodore Roosevelt
1707,a.,NN,A.,1903,Theodore Roosevelt
1708,arango,NNP,ARANGO,1903,Theodore Roosevelt
1709,federico,NNP,FEDERICO,1903,Theodore Roosevelt
1710,boyd,NNP,BOYD,1903,Theodore Roosevelt
1711,tomas,NNP,TOMAS,1903,Theodore Roosevelt
1712,arias,NNP,ARIAS,1903,Theodore Roosevelt
1713,telegram,NNP,TELEGRAM,1903,Theodore Roosevelt
1714,translation,NN,TRANSLATION,1903,Theodore Roosevelt
1715,panama,NNP,PANAMA,1903,Theodore Roosevelt
1716,november,NNP,November,1903,Theodore Roosevelt
1717,4,CD,4,1903,Theodore Roosevelt
1718,1903,CD,1903,1903,Theodore Roosevelt
1719,received,VBD,Received,1903,Theodore Roosevelt
1720,10:30,CD,10:30,1903,Theodore Roosevelt
1721,p.m,RB,p.m,1903,Theodore Roosevelt
1722,a.,NN,A.,1903,Theodore Roosevelt
1723,su,NNP,SU,1903,Theodore Roosevelt
1724,excelencia,NNP,EXCELENCIA,1903,Theodore Roosevelt
1725,presidente,NNP,PRESIDENTE,1903,Theodore Roosevelt
1726,de,NNP,DE,1903,Theodore Roosevelt
1727,los,NNP,LOS,1903,Theodore Roosevelt
1728,estados,NNP,ESTADOS,1903,Theodore Roosevelt
1729,unidos,NNP,UNIDOS,1903,Theodore Roosevelt
1730,washington,NNP,Washington,1903,Theodore Roosevelt
1731,the,DT,The,1903,Theodore Roosevelt
1732,municipality,NN,municipality,1903,Theodore Roosevelt
1733,of,IN,of,1903,Theodore Roosevelt
1734,panama,NNP,Panama,1903,Theodore Roosevelt
1735,is,VBZ,be,1903,Theodore Roosevelt
1736,now,RB,now,1903,Theodore Roosevelt
1737,10,CD,10,1903,Theodore Roosevelt
1738,p.m.,NN,p.m.,1903,Theodore Roosevelt
1739,holding,VBG,hold,1903,Theodore Roosevelt
1740,a,DT,a,1903,Theodore Roosevelt
1741,solemn,NN,solemn,1903,Theodore Roosevelt
1742,session,NN,session,1903,Theodore Roosevelt
1743,and,CC,and,1903,Theodore Roosevelt
1744,joins,VBZ,join,1903,Theodore Roosevelt
1745,in,IN,in,1903,Theodore Roosevelt
1746,the,DT,the,1903,Theodore Roosevelt
1747,movement,NN,movement,1903,Theodore Roosevelt
1748,of,IN,of,1903,Theodore Roosevelt
1749,separation,NN,separation,1903,Theodore Roosevelt
1750,of,IN,of,1903,Theodore Roosevelt
1751,the,DT,the,1903,Theodore Roosevelt
1752,isthmus,NNP,Isthmus,1903,Theodore Roosevelt
1753,of,IN,of,1903,Theodore Roosevelt
1754,panama,NNP,Panama,1903,Theodore Roosevelt
1755,from,IN,from,1903,Theodore Roosevelt
1756,the,DT,the,1903,Theodore Roosevelt
1757,rest,NN,rest,1903,Theodore Roosevelt
1758,of,IN,of,1903,Theodore Roosevelt
1759,colombia,NNP,Colombia,1903,Theodore Roosevelt
1760,it,PRP,It,1903,Theodore Roosevelt
1761,hopes,VBZ,hop,1903,Theodore Roosevelt
1762,for,IN,for,1903,Theodore Roosevelt
1763,recognition,NN,recognition,1903,Theodore Roosevelt
1764,of,IN,of,1903,Theodore Roosevelt
1765,our,PRP$,our,1903,Theodore Roosevelt
1766,cause,NN,cause,1903,Theodore Roosevelt
1767,by,IN,by,1903,Theodore Roosevelt
1768,your,PRP$,your,1903,Theodore Roosevelt
1769,government,NNP,Government,1903,Theodore Roosevelt
1770,demetro,NNP,DEMETRO,1903,Theodore Roosevelt
1771,s.,NNP,S.,1903,Theodore Roosevelt
1772,brida,NNP,BRIDA,1903,Theodore Roosevelt
1773,telegram,NNP,TELEGRAM,1903,Theodore Roosevelt
1774,translation,NN,TRANSLATION,1903,Theodore Roosevelt
1775,panama,NNP,PANAMA,1903,Theodore Roosevelt
1776,november,NNP,November,1903,Theodore Roosevelt
1777,5,CD,5,1903,Theodore Roosevelt
1778,1903,CD,1903,1903,Theodore Roosevelt
1779,received,VBD,Received,1903,Theodore Roosevelt
1780,8:48,CD,8:48,1903,Theodore Roosevelt
1781,p.m,RB,p.m,1903,Theodore Roosevelt
1782,secretary,NN,SECRETARY,1903,Theodore Roosevelt
1783,of,NNP,OF,1903,Theodore Roosevelt
1784,state,NNP,STATE,1903,Theodore Roosevelt
1785,washington,NNP,Washington,1903,Theodore Roosevelt
1786,we,PRP,We,1903,Theodore Roosevelt
1787,notify,VBP,notify,1903,Theodore Roosevelt
1788,you,PRP,you,1903,Theodore Roosevelt
1789,that,IN,that,1903,Theodore Roosevelt
1790,we,PRP,we,1903,Theodore Roosevelt
1791,have,VBP,have,1903,Theodore Roosevelt
1792,appointed,VBN,appoint,1903,Theodore Roosevelt
1793,senor,NNP,Senor,1903,Theodore Roosevelt
1794,philippe,NNP,Philippe,1903,Theodore Roosevelt
1795,bunau,NNP,Bunau,1903,Theodore Roosevelt
1796,varilla,NNP,Varilla,1903,Theodore Roosevelt
1797,confidential,JJ,confidential,1903,Theodore Roosevelt
1798,agent,NN,agent,1903,Theodore Roosevelt
1799,of,IN,of,1903,Theodore Roosevelt
1800,the,DT,the,1903,Theodore Roosevelt
1801,republic,NNP,Republic,1903,Theodore Roosevelt
1802,of,IN,of,1903,Theodore Roosevelt
1803,panama,NNP,Panama,1903,Theodore Roosevelt
1804,near,IN,near,1903,Theodore Roosevelt
1805,your,PRP$,your,1903,Theodore Roosevelt
1806,government,NNP,Government,1903,Theodore Roosevelt
1807,and,CC,and,1903,Theodore Roosevelt
1808,dr.,NNP,Dr.,1903,Theodore Roosevelt
1809,francisco,NNP,Francisco,1903,Theodore Roosevelt
1810,v.,NNP,V.,1903,Theodore Roosevelt
1811,de,IN,de,1903,Theodore Roosevelt
1812,la,NNP,la,1903,Theodore Roosevelt
1813,espriella,NNP,Espriella,1903,Theodore Roosevelt
1814,minister,NN,minister,1903,Theodore Roosevelt
1815,of,IN,of,1903,Theodore Roosevelt
1816,foreign,JJ,foreign,1903,Theodore Roosevelt
1817,affairs,NNS,affair,1903,Theodore Roosevelt
1818,arango,NNP,ARANGO,1903,Theodore Roosevelt
1819,boyd,NNP,BOYD,1903,Theodore Roosevelt
1820,arias,NNP,ARIAS,1903,Theodore Roosevelt
1821,telegram,NNP,TELEGRAM,1903,Theodore Roosevelt
1822,translation,NN,TRANSLATION,1903,Theodore Roosevelt
1823,panama,NNP,PANAMA,1903,Theodore Roosevelt
1824,november,NNP,November,1903,Theodore Roosevelt
1825,6,CD,6,1903,Theodore Roosevelt
1826,1903,CD,1903,1903,Theodore Roosevelt
1827,received,VBD,Received,1903,Theodore Roosevelt
1828,10:40,CD,10:40,1903,Theodore Roosevelt
1829,a.,NN,a.,1903,Theodore Roosevelt
1830,m,NN,m,1903,Theodore Roosevelt
1831,secretary,NN,SECRETARY,1903,Theodore Roosevelt
1832,of,NNP,OF,1903,Theodore Roosevelt
1833,state,NNP,STATE,1903,Theodore Roosevelt
1834,washington,NNP,Washington,1903,Theodore Roosevelt
1835,colon,NN,Colon,1903,Theodore Roosevelt
1836,and,CC,and,1903,Theodore Roosevelt
1837,all,PDT,all,1903,Theodore Roosevelt
1838,the,DT,the,1903,Theodore Roosevelt
1839,towns,NNS,town,1903,Theodore Roosevelt
1840,of,IN,of,1903,Theodore Roosevelt
1841,the,DT,the,1903,Theodore Roosevelt
1842,isthmus,NNP,Isthmus,1903,Theodore Roosevelt
1843,have,VBP,have,1903,Theodore Roosevelt
1844,adhered,VBN,adhere,1903,Theodore Roosevelt
1845,to,TO,to,1903,Theodore Roosevelt
1846,the,DT,the,1903,Theodore Roosevelt
1847,declaration,NN,declaration,1903,Theodore Roosevelt
1848,of,IN,of,1903,Theodore Roosevelt
1849,independence,NN,independence,1903,Theodore Roosevelt
1850,proclaimed,VBN,proclaim,1903,Theodore Roosevelt
1851,in,IN,in,1903,Theodore Roosevelt
1852,this,DT,this,1903,Theodore Roosevelt
1853,city,NN,city,1903,Theodore Roosevelt
1854,the,DT,The,1903,Theodore Roosevelt
1855,authority,NN,authority,1903,Theodore Roosevelt
1856,of,IN,of,1903,Theodore Roosevelt
1857,the,DT,the,1903,Theodore Roosevelt
1858,republic,NNP,Republic,1903,Theodore Roosevelt
1859,of,IN,of,1903,Theodore Roosevelt
1860,panama,NNP,Panama,1903,Theodore Roosevelt
1861,is,VBZ,be,1903,Theodore Roosevelt
1862,obeyed,VBN,obey,1903,Theodore Roosevelt
1863,throughout,IN,throughout,1903,Theodore Roosevelt
1864,its,PRP$,its,1903,Theodore Roosevelt
1865,territory,NN,territory,1903,Theodore Roosevelt
1866,arango,NNP,ARANGO,1903,Theodore Roosevelt
1867,arias,NNP,ARIAS,1903,Theodore Roosevelt
1868,boyd,NNP,BOYD,1903,Theodore Roosevelt
1869,telegram,NNP,TELEGRAM,1903,Theodore Roosevelt
1870,translation,NN,TRANSLATION,1903,Theodore Roosevelt
1871,panama,NNP,PANAMA,1903,Theodore Roosevelt
1872,november,NNP,November,1903,Theodore Roosevelt
1873,6,CD,6,1903,Theodore Roosevelt
1874,1903,CD,1903,1903,Theodore Roosevelt
